full_name,biobank_samples,class
Abia aenea,1,Insecta
Abra alba,1,Bivalvia
Abraliopsis atlantica,3,Cephalopoda
Abraliopsis hoylei,1,Cephalopoda
Abroscopus superciliaris -,2,Aves
Absyrtus vicinator,1,Insecta
Acalypta parvula,1,Insecta
Acanthis flammea -,3,Aves
Acanthodactylus erythrurus lineomaculatus,1,Reptilia
Accipiter gentilis -,1,Aves
Accipiter nisus -,22,Aves
Achroia grisella,1,Insecta
Acinonyx jubatus -,67,Mammalia
Aclastus solutus,1,Insecta
Acleris laterana,1,Insecta
Acleris notana,1,Insecta
Acrobates pygmaeus -,1,Mammalia
Acrocephalus - -,1,Aves
Acrocephalus schoenobaenus -,1,Aves
Acrocera orbiculus,1,Insecta
Acrocodia indica -,3,Mammalia
Acrocodia indicus -,1,Mammalia
Acrodactyla degener,1,Insecta
Acrodactyla similis,1,Insecta
Acroloxus lacustris,1,Gastropoda
Acronicta psi,2,Insecta
Acryllium vulturinum -,2,Aves
Actiniaria,2,Anthozoa
Actophilornis africana -,1,Aves
Adalia decempunctata,1,Insecta
Addax nasomaculatus -,8,Mammalia
Adela reaumurella,1,Insecta
Adicella reducta,2,Insecta
Aedes,1,Insecta
Aelia acuminata,7,Insecta
Aepyceros melampus -,1,Mammalia
Aepypodius megapode -,1,Aves
Aepyprymnus rufescens,12,Mammalia
Aepyprymnus rufescens -,2,Mammalia
Aethomys chrysophilus,1,Mammalia
Aethomys namaquensis,4,Mammalia
Afropavo congensis -,7,Aves
Agabus sturmii,1,Insecta
Agalenatea redii,2,Arachnida
Agapornis nigrigenis -,4,Aves
Agelastica alni,1,Insecta
Agelena labyrinthica,2,Arachnida
Aglaophamus agilis,2,Polychaeta
Aglossa pinguinalis,1,Insecta
Agonopterix alstromeriana,1,Insecta
Agriopis marginaria,1,Insecta
Agriotes lineatus,1,Insecta
Agriotes pallidulus,2,Insecta
Agrochola litura,1,Insecta
Agrochola lota,3,Insecta
Agrotis puta puta,2,Insecta
Agrypnus murinus,4,Insecta
Agrypon varitarsum,1,Insecta
Ailuropoda melanoleuca,2,Mammalia
Ailurops ursinus -,8,Mammalia
Ailurus fulgens -,14,Mammalia
Ailurus fulgens fulgens,17,Mammalia
Aix sponsa -,1,Aves
Akodon,11,Mammalia
Akodon cursor,9,Mammalia
Akodon lindberghi,5,Mammalia
Alauda arvensis -,5,Aves
Alcedo atthis -,1,Aves
Alces alces alces,26,Mammalia
Alcyonidium gelatinosum,1,Gymnolaemata
Alcyonidium hirsutum,1,Gymnolaemata
Alcyonidium mamillatum,1,Gymnolaemata
Alectoris graeca -,1,Aves
Aleiodes leptofemur,1,Insecta
Aleiodes testaceus,2,Insecta
Alentia gelatinosa,2,Polychaeta
Alitta virens,1,Polychaeta
Allajulus nitidus,7,Diplopoda
Alle alle -,13,Aves
Allenopithecus nigroviridis -,3,Mammalia
Allochrocebus lhoesti -,2,Mammalia
Allolobophora chlorotica,5,Clitellata
Allophyes oxycanthae,1,Insecta
Alopex lagopus -,3,Mammalia
Alouatta caraya -,6,Mammalia
Alouatta sara -,11,Mammalia
Altica lythri,1,Insecta
Alysia manducator,1,Insecta
Amara aulica,1,Insecta
Amaurobius ferox,3,Arachnida
Amaurobius similis,2,Arachnida
Amazona versicolor -,1,Aves
Amblonyx cinerea -,2,Mammalia
Amblonyx cinereus -,9,Mammalia
Amblyjoppa fuscipennis,2,Insecta
Ammophila sabulosa,3,Insecta
Ammothea hilgendorfi,1,Pycnogonida
Ammotragus lervia -,1,Mammalia
Ampelisca tenuicornis,1,Malacostraca
Amphicteis gunneri,2,Polychaeta
Amphipholis squamata,6,Ophiuroidea
Amphipoda,1,Malacostraca
Amphipoea lucens,6,Insecta
Amphitretus thielei,2,Cephalopoda
Amphitrite cirrata,1,Polychaeta
Amphiura chiajei,4,Ophiuroidea
Amphiura filiformis,6,Ophiuroidea
Amphiura securigera,1,Ophiuroidea
Anacaena limbata,1,Insecta
Anas aucklandica -,1,Aves
Anas bernieri -,1,Aves
Anas canagicus -,2,Aves
Anas luzonica -,1,Aves
Anas melleri -,2,Aves
Anaspis frontalis,1,Insecta
Anaspis lurida,1,Insecta
Anaspis maculata,2,Insecta
Anaspis regimbarti,1,Insecta
Anatis ocellata,1,Insecta
Ancistroteuthis sp.,1,Cephalopoda
Anemonia viridis,4,Anthozoa
Anguillidae,1,Actinopterygii
Anisosticta novemdecimpunctata,1,Insecta
Annelida,3,
Anodorhynchus hyacinthinus -,1,Aves
Anolis carolinensis,4,Reptilia
Anolis marmoratus,8,Reptilia
Anolis pogus,4,Reptilia
Anolis sabanus,10,Reptilia
Anolis sagrei,1,Reptilia
Anomala dubia,1,Insecta
Anoplogaster cornuta,5,Actinopterygii
Anoscopus histrionica,3,Insecta
Anser albifrons -,1,Aves
Anser indicus -,1,Aves
Anthonomus rubi,2,Insecta
Anthrenus sarnicus,1,Insecta
Anthropoides paradiseus -,1,Aves
Anthropoides virgo -,2,Aves
Anthus godlewskii -,1,Aves
Anthus hodgsoni -,1,Aves
Anthus petrosus -,1,Aves
Anthus pratensis -,3,Aves
Anthus trivialis -,1,Aves
Antidorcas marsupialis -,2,Mammalia
Antigone vipio -,4,Aves
Antilope cervicapra -,1,Mammalia
Antitype chi,2,Insecta
Anyphaena numida,1,Arachnida
Aonides oxycephala,2,Polychaeta
Aotus lemurinus griseimembra,4,Mammalia
Aotus trivirgatus -,1,Mammalia
Apaeleticus inimicus,1,Insecta
Apalone spinifera,3,Reptilia
Apechthis compunctor,1,Insecta
Aphanisticus pusillus,4,Insecta
Aphelinus asychis,1,Insecta
Aphrodes,1,Insecta
Aphrophora alni,1,Insecta
Aphthona,1,Insecta
Aphthona euphorbiae,1,Insecta
Aphthona nonstriata,1,Insecta
Apoda limacodes,1,Insecta
Apodemus sylvaticus,7,Mammalia
Apodemus sylvaticus -,1,Mammalia
Aponuphis bilineata,2,Polychaeta
Aporophyla australis,1,Insecta
Aporophyla lueneburgensis,1,Insecta
Aporophyla nigra,4,Insecta
Aporrectodea caliginosa,5,Clitellata
Aporrectodea icterica,3,Clitellata
Aporrectodea longa,14,Clitellata
Aporrectodea rosea,2,Clitellata
Aptenodytes patagonicus -,4,Aves
Aquila audax,2,Aves
Aquila chrysaetos -,17,Aves
Aquila heliaca -,1,Aves
Aquila pomarina -,1,Aves
Aquila rapax -,1,Aves
Ara ambiguus -,1,Aves
Ara ararauna -,5,Aves
Arabitragus jayakari -,2,Mammalia
Araneus angulatus,1,Arachnida
Araneus diadematus,3,Arachnida
Aratinga auricapillus -,1,Aves
Aratinga solstitialis -,2,Aves
Archaeopsylla erinacei erinacei,5,Insecta
Arcitalitrus sylvaticus,1,Malacostraca
Arctictis binturong -,8,Mammalia
Arctocebus calabarensis -,4,Mammalia
Arctocephalus australis -,3,Mammalia
Arctocephalus pusillus pusillus,2,Mammalia
Arctogalidia trivirgata -,1,Mammalia
Ardea cinerea -,2,Aves
Arenaria interpres -,4,Aves
Arenicola marina,3,Polychaeta
Argyresthia cupressella,1,Insecta
Argyresthia goedartella,1,Insecta
Argyresthia retinella,1,Insecta
Argyropelecus gigas,1,Actinopterygii
Armadillidium vulgare,1,Malacostraca
Arocatus longiceps longiceps,1,Insecta
Artcictis binturong -,16,Mammalia
Arvicola amphibius -,2,Mammalia
Asarcornis scutulata -,1,Aves
Ascidiacea,1,Ascidiacea
Asio otus -,15,Aves
Asiraca clavicornis,4,Insecta
Asperoteuthis sp.,5,Cephalopoda
Aspidapion radiolus,2,Insecta
Astacilla dilatata,1,Malacostraca
Astronesthes trifibulatus,2,Actinopterygii
Astyanax altiparanae,2,Actinopterygii
Atelerix algirus -,1,Mammalia
Ateles - -,1,Mammalia
Ateles belzebuth belzebuth,2,Mammalia
Ateles chamek -,1,Mammalia
Ateles fusciceps rufiventris,7,Mammalia
Ateles geoffroyi -,3,Mammalia
Ateles paniscus -,4,Mammalia
Ateles rufiventris robustus,1,Mammalia
Atethmia centrago,1,Insecta
Athalia rosae,4,Insecta
Athene noctua -,2,Aves
Athous campyloides,1,Insecta
Athous haemorrhoidalis,1,Insecta
Athysanus argentarius,4,Insecta
Atilax paludinosus -,2,Mammalia
Attagenus smirnovi,1,Insecta
Atypus affinis,2,Arachnida
Australopacifica atrata,1,Rhabditophora
Australoplana sanguinea,3,Turbellaria
Avocettina infans,1,Actinopterygii
Avocettina sp.,1,Actinopterygii
Axis axis -,27,Mammalia
Axis kuhlii -,1,Mammalia
Axis porcinus -,4,Mammalia
Azorinus chamasolen,1,Bivalvia
Babyrousa babyrussa -,1,Mammalia
Babyrousa babyrussa celebensis,6,Mammalia
Babyrousa celebensis -,2,Mammalia
Bactra lancealana,1,Insecta
Baetis muticus,1,Insecta
Baetis niger,2,Insecta
Baetis vernus,2,Insecta
Baeus seminulum,1,Insecta
Balearica pavonina -,1,Aves
Balearica regulorum -,1,Aves
Balearica regulorum gibbericeps,2,Aves
Barypeithes pellucidus,1,Insecta
Bathothauma lyromma,1,Cephalopoda
Bathylagus antarcticus,10,Actinopterygii
Bathyteuthis abyssicola,1,Cephalopoda
Bathythrix lamina,1,Insecta
Batrachedra praeangusta,1,Insecta
Batracomorphus allionii,1,Insecta
Batracomorphus irroratus,5,Insecta
Bettongia penicillata ogilbyi,3,Mammalia
Betulapion simile,1,Insecta
Bibio johannis,2,Insecta
Bibio varipes,1,Insecta
Bimastos eiseni,1,Clitellata
Bimastos rubidus,11,Clitellata
Bison bonasus,4,Mammalia
Bison bonasus -,50,Mammalia
Biston strataria,1,Insecta
Bithia spreta,1,Insecta
Bitoma crenata,1,Insecta
Blaniulus guttulatus,5,Diplopoda
Blastobasis vittata,1,Insecta
Bolitobius castaneus,1,Insecta
Bolomys lasiurus,1,Mammalia
Bolothrips dentipes,1,Insecta
Bombus jonellus,2,Insecta
Bombus lapidarius,6,Insecta
Bombus muscorum,1,Insecta
Bombus pascuorum,4,Insecta
Bombus terrestris,3,Insecta
Bombycilla garrulus -,56,Aves
Boreus hyemalis,2,Insecta
Borostomias elucens,4,Actinopterygii
Bos grunniens,18,Mammalia
Bos grunniens -,15,Mammalia
Bos taurus,37,Mammalia
Boselaphus tragocamelus -,1,Mammalia
Botaurus stellaris -,1,Aves
Bothidae,2,Actinopterygii
Botryllus,1,Ascidiacea
Brachioteuthis picta,3,Cephalopoda
Brachycaudus lychnidis,2,Insecta
Brachycercus harrisella,4,Insecta
Brachyiulus pusillus,4,Diplopoda
Brachyopa scutellaris,2,Insecta
Brachyphallus sp.,1,Trematoda
Brachypterus glaber,1,Insecta
Brachypterus urticae,1,Insecta
Bradypus tridactylus,4,Mammalia
Branta leucopsis -,1,Aves
Branta rufcollis -,1,Aves
Branta sandvicensis -,7,Aves
Brillia bifida,1,Insecta
Bruchidius imbricornis,1,Insecta
Bruchus,1,Insecta
Bryotropha terrella,1,Insecta
Bryozoa,4,
Buathra laborator,1,Insecta
Bubalus bubalis,12,Mammalia
Bubalus depressicornis -,4,Mammalia
Bubo - -,1,Aves
Bubo bubo -,7,Aves
Bubo scandiaca -,1,Aves
Bubo scandiacus -,1,Aves
Bubo vosseleri -,1,Aves
Bucephala clangula -,2,Aves
Budorcas taxicolor taxicolor,13,Mammalia
Burhinus oedicnemus,2,Aves
Buteo buteo -,10,Aves
Buteo jamaicensis -,1,Aves
Byturus ochraceus,1,Insecta
Cacatua - -,1,Aves
Cacatua ducorpsi,4,Aves
Cacatua ducorpsi -,4,Aves
Cacopsylla fulguralis,2,Insecta
Caenis luctuosa,1,Insecta
Caenoplana variegata,3,Rhabditophora
Calidris - -,5,Aves
Calidris alba -,2,Aves
Calidris alpina -,33,Aves
Calidris canutus -,20,Aves
Calidris minuta -,1,Aves
Calidris subruficollis -,1,Aves
Callicebus cupreus -,2,Mammalia
Callicera aurata,1,Insecta
Callimico goeldii -,32,Mammalia
Callipallene brevirostris,1,Pycnogonida
Calliphora vomitoria,2,Insecta
Callithrix geoffroyi -,56,Mammalia
Callithrix jacchus,11,Mammalia
Callithrix jacchus -,52,Mammalia
Callitula bicolor,3,Insecta
Callomyia amoena,1,Insecta
Callopora lineata,1,Gymnolaemata
Callosciurus prevostii -,6,Mammalia
Callosciurus prevostii borneoensis,1,Mammalia
Calocoris stysi,1,Insecta
Calodromius spilotus,1,Insecta
Caloenas nicobarica -,2,Aves
Calomyscus,1,Mammalia
Calopteryx virgo,1,Insecta
Calvia quatuordecimguttata,2,Insecta
Camelus bactrianus -,6,Mammalia
Camelus dromedarius,20,Mammalia
Canis familiaris,22,Mammalia
Canis familiaris dingo,1,Mammalia
Canis lupus -,15,Mammalia
Canis lupus arabs,1,Mammalia
Canis lupus lupus,2,Mammalia
Canis lupus occidentalis,6,Mammalia
Canis lupus signatus,1,Mammalia
Cantharis cryptica,1,Insecta
Cantharis rufa,1,Insecta
Canthophorus impressus,3,Insecta
Capitella capitata,1,Polychaeta
Capra falconeri -,10,Mammalia
Capra falconeri heptneri,35,Mammalia
Capra nubiana -,1,Mammalia
Caprella acanthifera,2,Malacostraca
Caprella linearis,2,Malacostraca
Capreolus capreolus,3,Mammalia
Capreolus pygargus,12,Mammalia
Capricornis crispus -,10,Mammalia
Caprimulgus aegyptius -,1,Aves
Caprimulgus europaeus -,1,Aves
Capsus ater,1,Insecta
Caracal aurata -,2,Mammalia
Caracal caracal -,17,Mammalia
Caracal caracal michaelis,1,Mammalia
Caradrina kadenii,1,Insecta
Caradrina morpheus,1,Insecta
Carcara - -,1,Aves
Carcina quercana,1,Insecta
Carduelis carduelis -,3,Aves
Carduelis spinus -,8,Aves
Carollia perspicillata -,1,Mammalia
Cartodere bifasciata,1,Insecta
Cassida vibex,1,Insecta
Castor - -,3,Mammalia
Castor canadensis -,3,Mammalia
Castor fiber,2,Mammalia
Castor fiber -,40,Mammalia
Casuarius casuarius -,4,Aves
Cathartes aura -,3,Aves
Catopuma badia -,1,Mammalia
Catopuma temminckii -,6,Mammalia
Catopuma temminckii temminckii,1,Mammalia
Cavia aperea -,1,Mammalia
Cavia porcellus,12,Mammalia
Cavia porcellus -,2,Mammalia
Cebuella polykomos polykomus,2,Mammalia
Cebuella pygmaea -,23,Mammalia
Cebuella pygmaea niveiventris,6,Mammalia
Cebuella pygmaea pygmaea,3,Mammalia
Cebus - -,1,Mammalia
Cebus apella -,4,Mammalia
Celleporella hyalina,1,Gymnolaemata
Centroptilum luteolum,2,Insecta
Cepaea hortensis,4,Gastropoda
Cephalophus natalensis -,1,Mammalia
Cephalophus natalensis nsis,1,Mammalia
Cerastoderma edule,6,Bivalvia
Cerastoderma glaucum,2,Bivalvia
Ceratotherium simum,1,Mammalia
Ceratotherium simum simum,15,Mammalia
Ceratothoa steindachneri,2,Malacostraca
Cerceris arenaria,2,Insecta
Cercocebus lunulatus -,1,Mammalia
Cercopithecus ascanius schmidti,5,Mammalia
Cercopithecus campbelli -,1,Mammalia
Cercopithecus diana -,4,Mammalia
Cercopithecus diana diana,3,Mammalia
Cercopithecus hamlyni -,2,Mammalia
Cercopithecus hamlyni hamlyni,3,Mammalia
Cercopithecus kandti,4,Mammalia
Cercopithecus mitis -,2,Mammalia
Cercopithecus neglectus,2,Mammalia
Cercopithecus neglectus -,6,Mammalia
Cercopithecus pygerythrus -,1,Mammalia
Cereopsis novaehollandiae -,1,Aves
Cerianthus lloydii,2,Anthozoa
Cernuella virgata,3,Gastropoda
Cervus elaphus -,6,Mammalia
Cervus elaphus bactrianus,18,Mammalia
Cervus nippon nippon,2,Mammalia
Cerylon ferrugineum,1,Insecta
Cerylon histeroides,1,Insecta
Cetonia aurata,1,Insecta
Ceutorhynchus obstrictus,1,Insecta
Chaetocnema concinna,1,Insecta
Chaetocnema hortensis,1,Insecta
Chaetoderma nitidulum,1,Caudofoveata
Chaetophractus villosus -,2,Mammalia
Chaetopteryx villosa,1,Insecta
Chaetozone zetlandica,1,Polychaeta
Chalcides chalcides,4,Reptilia
Chalcolestes viridis,4,Insecta
Chamaeleo calyptratus,15,Reptilia
Chamaeleo melleri -,2,Reptilia
Chaoborus,1,Insecta
Chaoborus crystallinus,2,Insecta
Charadrius hiaticula -,4,Aves
Charmon cruentatus,4,Insecta
Charmosyna papou goliathina,2,Aves
Chartoscirta cincta,1,Insecta
Chauliodus sloani,14,Actinopterygii
Cheilosia variabilis,1,Insecta
Cheirogaleus medius -,5,Mammalia
Chesias legatella,1,Insecta
Chilocorus bipustulatus,1,Insecta
Chilocorus renipustulatus,2,Insecta
Chionis alba -,1,Aves
Chionomys nivalis,16,Mammalia
Chiropotes chiropotes sagulatus,4,Mammalia
Chiroteuthis joubini,3,Cephalopoda
Chlamydotis macqueeni -,1,Aves
Chloephaga rubidiceps -,1,Aves
Chloris chloris -,10,Aves
Chlorocebus aethiops,5,Mammalia
Chlorocebus aethiops -,2,Mammalia
Chloromyia formosa,1,Insecta
Chloroperla tripunctata,2,Insecta
Choeropsis liberiensis,4,Mammalia
Choeropsis liberiensis liberiensis,6,Mammalia
Choloepus didactylus,18,Mammalia
Choloepus didactylus -,4,Mammalia
Choneiulus crassicornis,1,Diplopoda
Choneiulus palmatus,6,Diplopoda
Choneiulus pyralina,1,Diplopoda
Choreutis nemorana,2,Insecta
Chorthippus albomarginatus albomarginatus,1,Insecta
Chortodes pygmina,2,Insecta
Chroicocephalus ridibundus -,10,Aves
Chroicocephalus� novaehollandiae -,3,Aves
Chrotogale owstoni -,5,Mammalia
Chrysis angustula,1,Insecta
Chrysochloris asiatica,3,Mammalia
Chrysocyon brachyurus -,15,Mammalia
Chrysolina americana,1,Insecta
Chrysolina graminis,4,Insecta
Chrysolina oricalcia,1,Insecta
Chrysolina staphylaea,1,Insecta
Chrysopilus cristatus,1,Insecta
Chrysotoxum bicinctum,3,Insecta
Cicadella viridis,1,Insecta
Ciconia abdimi -,1,Aves
Ciconia ciconia -,9,Aves
Ciconia nigra -,3,Aves
Ciona intestinalis,3,Ascidiacea
Cionus scrophulariae,1,Insecta
Circus cyaneus -,1,Aves
Cirrhia icteritia,1,Insecta
Cirriformia tentaculata,1,Polychaeta
Cirripedia,2,Cirripedia
Cixius nervosus,1,Insecta
Cladius pectinicornis,1,Insecta
Clangula hyemalis -,1,Aves
Cleigastra apicalis,1,Insecta
Clepsis dumicolana,2,Insecta
Clistopyga incitator,1,Insecta
Clitellata,6,Clitellata
Clivina fossor,1,Insecta
Clogmia albipunctata,1,Insecta
Closterotomus trivialis,1,Insecta
Clubiona corticalis,1,Arachnida
Clubiona terrestris,1,Arachnida
Cnaemidophorus rhododactyla,1,Insecta
Coccinella hieroglyphica,1,Insecta
Coccinella septempunctata,3,Insecta
Coccyzus americanus -,1,Aves
Cochlodina laminata,2,Gastropoda
Cochylimorpha straminea,1,Insecta
Coelopa frigida,1,Insecta
Coelotes atropos,1,Arachnida
Coelotes terrestris,1,Arachnida
Coenagrion puella,1,Insecta
Coleonyx elegans,13,Reptilia
Coleonyx mitratus,2,Reptilia
Coleonyx variegatus,2,Reptilia
Coleophora lineolea,1,Insecta
Colobus - -,1,Mammalia
Colobus guereza -,1,Mammalia
Colobus guereza caudatus,4,Mammalia
Colobus guereza kikuyuensis,10,Mammalia
Colobus guereza occidentalis,2,Mammalia
Colobus polykomos -,3,Mammalia
Colobus polykomus polykomus,1,Mammalia
Coloconger cadenati,1,Actinopterygii
Columba palumbus -,5,Aves
Colymbetes fuscus,1,Insecta
Conistra rubiginea,1,Insecta
Conistra vaccinii,1,Insecta
Conocephalus fuscus fuscus,4,Insecta
Contarinia quinquenotata,5,Insecta
Conwentzia pineticola,1,Insecta
Conwentzia psociformis,1,Insecta
Coracias garrulus -,1,Aves
Coragyps atratus -,1,Aves
Corbula gibba,1,Bivalvia
Cordulegaster boltonii,2,Insecta
Cordylepherus viridis,1,Insecta
Coremacera marginata marginata,1,Insecta
Coreus marginatus,3,Insecta
Cornu aspersum,3,Gastropoda
Corophium volutator,6,Malacostraca
Cortinicara gibbosa,1,Insecta
Corvus corax -,6,Aves
Corvus corone -,4,Aves
Corvus monedula -,1,Aves
Corvus moneduloides -,1,Aves
Coscoroba coscoroba -,1,Aves
Cosmopterix pulchrimella,2,Insecta
Crabro cribrarius,1,Insecta
Cranchiidae,1,Cephalopoda
Crangon crangon,1,Malacostraca
Crateromys heaneyi -,7,Mammalia
Cratichneumon flavifrons,1,Insecta
Cratichneumon versator,1,Insecta
Crax fasciolata -,1,Aves
Crepidodera aurata,1,Insecta
Crepidodera aurea,1,Insecta
Crepidodera fulvicornis,1,Insecta
Crex crex -,5,Aves
Cricetomys gambianus,4,Mammalia
Cricetomys gambianus -,2,Mammalia
Cricetulus griseus,14,Mammalia
Cricetulus migratorius,6,Mammalia
Cricetus cricetus -,2,Mammalia
Crioceris asparagi,1,Insecta
Crocidosema plebejana,1,Insecta
Crocidura sibirica,2,Mammalia
Crocodylus niloticus,38,Reptilia
Crossaster papposus,1,Asteroidea
Crossoptilon auritum -,1,Aves
Crossoptilon crossoptilon drouyni,2,Aves
Cryptocephalus fulvus,1,Insecta
Cryptocephalus pusillus,2,Insecta
Cryptolestes duplicatus,1,Insecta
Cryptophagus acutangulus,1,Insecta
Cryptoprocta ferox -,7,Mammalia
Cryptops anomalans,3,Chilopoda
Cryptops parisi,1,Chilopoda
Cteniopus sulphureus,5,Insecta
Ctenomys flamarioni,10,Mammalia
Ctenophora pectinicornis,1,Insecta
Cuculus canorus -,9,Aves
Culicoides grisescens,2,Insecta
Culicoides impunctatus,1,Insecta
Cuon alpinus -,15,Mammalia
Cuon alpinus alpinus,1,Mammalia
Curruca communis -,1,Aves
Cyanea capillata,1,Scyphozoa
Cyanistes caeruleus -,6,Aves
Cyanochen cyanopterus -,2,Aves
Cyanopterus cyanopteron -,1,Aves
Cybocephalus,1,Insecta
Cybocephalus nipponicus,1,Insecta
Cybosia mesomella,1,Insecta
Cyclophora punctaria,1,Insecta
Cyclosa conica,1,Arachnida
Cycloteuthis sp.,4,Cephalopoda
Cyclothone sp.,1,Actinopterygii
Cyclura cornuta -,1,Reptilia
Cydia amplana,1,Insecta
Cydia nigricana,1,Insecta
Cydia splendana,1,Insecta
Cygnus buccinator -,1,Aves
Cygnus cygnus,70,Aves
Cygnus cygnus -,5,Aves
Cygnus melanocoryphus -,1,Aves
Cygnus melanocoryphys -,1,Aves
Cygnus olor -,2,Aves
Cylindroiulus,4,Diplopoda
Cylindroiulus britannicus,5,Diplopoda
Cylindroiulus caeruleocinctus,5,Diplopoda
Cylindroiulus parisiorum,3,Diplopoda
Cylindroiulus punctatus,11,Diplopoda
Cylindroiulus vulnerarius,4,Diplopoda
Cylloceria caligata,1,Insecta
Cynictis penicillata -,1,Mammalia
Cynocephalus volans,1,Mammalia
Cynomys ludovicianus -,3,Mammalia
Cynomys sp -,2,Mammalia
Daboia russelii,10,Reptilia
Dactylopsila trivirgata -,10,Mammalia
Dama mesopotamica -,7,Mammalia
Damaliscus pygargus phillipsi,4,Mammalia
Danio rerio,8,Actinopterygii
Dascillus cervinus,2,Insecta
Dasineura plicatrix,3,Insecta
Dasybranchus caducus,3,Polychaeta
Dasyprocta - -,2,Mammalia
Dasyprocta azarae -,4,Mammalia
Dasyprocta leporina -,2,Mammalia
Dasyprocta leporinus -,1,Mammalia
Dasyprocta leporinus aguti,1,Mammalia
Dasyprocta punctata -,9,Mammalia
Dasyuroides byrnei -,13,Mammalia
Dasyurus hallucatus -,1,Mammalia
Dasyurus maculatus -,1,Mammalia
Daubentonia madagascariensis -,3,Mammalia
Daudebardia rufa,1,Gastropoda
Decapoda,2,Malacostraca
Delphinus� delphis -,5,Mammalia
Demetrias atricapillus,1,Insecta
Dendrobaena attemsi,1,Clitellata
Dendrobaena veneta,1,Clitellata
Dendrocopos major -,7,Aves
Dendrodoa grossularia,1,Ascidiacea
Dendrodrilus rubidus,2,Oligochaeta
Dendrolagus dorianus dorianus,3,Mammalia
Denticollis linearis,1,Insecta
Denticucullus pygmina,2,Insecta
Depressaria radiella,1,Insecta
Deroceras reticulatum,3,Gastropoda
Derogenes varicus,4,Trematoda
Dexamine spinosa,2,Malacostraca
Diachrysia chrysitis,1,Insecta
Diaglyptidea conformis,1,Insecta
Diaphus effulgens,2,Actinopterygii
Diaphus hudsoni,8,Actinopterygii
Diaphus ostenfeldi,2,Actinopterygii
Diaphus sp.,2,Actinopterygii
Diarsia dahlii,1,Insecta
Diastylis rathkei,1,Malacostraca
Dicerorhinus sumatrensis -,2,Mammalia
Dicerorhinus sumatrensis sumatrensis,1,Mammalia
Diceros bicornis -,2,Mammalia
Diceros bicornis michaelis,1,Mammalia
Dichonia aprilina,1,Insecta
Dicranocephalus agilis,3,Insecta
Dicranomyia morio,1,Insecta
Dicrostonyx Dicrostonyx -,1,Mammalia
Dicrostonyx torquatus,8,Mammalia
Dicrostonyx torquatus -,7,Mammalia
Dictyna arundinacea,1,Arachnida
Dictyna civica,3,Arachnida
Dicycla oo,1,Insecta
Didelphis virginiana,5,Mammalia
Dikerogammarus haemobaphes,2,Malacostraca
Diplophos taenia,1,Actinopterygii
Diptera,2,Insecta
Discoteuthis discus,1,Cephalopoda
Discus rotundatus,2,Gastropoda
Dolichopteryx binocularis,2,Actinopterygii
Dolichopus trivialis,1,Insecta
Dolichotis patagonum -,7,Mammalia
Dolomedes fimbriatus,1,Arachnida
Donacia marginata,1,Insecta
Dorcopsis hageri -,4,Mammalia
Drassodes cupreus,1,Arachnida
Drepanepteryx phalaenoides,1,Insecta
Dromaius novaehollandiae,10,Aves
Dryocoetes villosus,1,Insecta
Dryonastes courtoisi -,2,Aves
Dryonastes courtoisi simaoensis,2,Aves
Dryonastes monachus -,1,Aves
Dryophilocoris flavoquadrimaculatus,1,Insecta
Dysdera crocata,1,Arachnida
Dysdera erythrina,1,Arachnida
Dysmachus trigonus,2,Insecta
Dyspetes luteomarginatus,2,Insecta
Dysstroma citrata citrata,3,Insecta
Ebulea crocealis,1,Insecta
Ecdyonurus venosus,2,Insecta
Echinocardium cordatum,2,Echinoidea
Echinocardium flavescens,2,Echinoidea
Echinops telfairi -,7,Mammalia
Echinus esculentus,2,Echinoidea
Echiostoma barbatum,1,Actinopterygii
Ecphylus silesiacus,1,Insecta
Ectoedemia heringella,1,Insecta
Ectreposebastes imus,11,Actinopterygii
Eidolon helvum -,1,Mammalia
Eilema caniola,1,Insecta
Eisenia andrei,4,Clitellata
Eisenia fetida,8,Clitellata
Eiseniella tetraedra,1,Clitellata
Elachiptera brevipennis,1,Insecta
Elachista canapennella,2,Insecta
Elaphodus cephalophus,5,Mammalia
Elasmostethus interstinctus,1,Insecta
Elasmucha grisea,1,Insecta
Electra pilosa,1,Gymnolaemata
Electrona risso,1,Actinopterygii
Elephantulus edwardii,2,Mammalia
Elephantulus rupestris,1,Mammalia
Elephas maximus -,1,Mammalia
Elgiva cucularia,1,Insecta
Ellobius lutescens,6,Mammalia
Emberiza calandra -,1,Aves
Emberiza citrinella -,4,Aves
Emberiza schoeniclus -,1,Aves
Embolemus ruddii,1,Insecta
Empicoris vagabundus,1,Insecta
Enallagma cyathigerum,3,Insecta
Enarmonia formosana,1,Insecta
Endasys rusticus,1,Insecta
Endomychus coccineus,1,Insecta
Endromopoda detrita,1,Insecta
Endrosis sarcitrella,1,Insecta
Enhydra lutris -,2,Mammalia
Ennomos alniaria,2,Insecta
Enochrus testaceus,2,Insecta
Enoplognatha latimana,5,Arachnida
Enoplognatha ovata,1,Arachnida
Enoploteuthis anapsis,2,Cephalopoda
Eolophus roseeicapilla -,1,Aves
Epermenia chaerophyllella,1,Insecta
Ephialtes manifestator,3,Insecta
Epiclerus panyas,1,Insecta
Epinotia ramella,4,Insecta
Epione repandaria,1,Insecta
Epistrophe grossulariae,1,Insecta
Epitrix atropae,7,Insecta
Equus asinus,10,Mammalia
Equus asinus -,1,Mammalia
Equus burchelli,9,Mammalia
Equus caballus,33,Mammalia
Equus caballus przewalskii,38,Mammalia
Equus ferus przewalskii,3,Mammalia
Equus grevyi -,9,Mammalia
Equus hemionus,8,Mammalia
Equus hemionus onager,3,Mammalia
Equus kiang -,5,Mammalia
Equus kiang holdereri,26,Mammalia
Equus przewalskii,2,Mammalia
Equus zebra,1,Mammalia
Equus zebra hartmannae,10,Mammalia
Eratigena atrica,4,Arachnida
Eratigena duellica,5,Arachnida
Eratigena saeva,3,Arachnida
Erethizon dorsatum -,5,Mammalia
Ericthonius,1,Malacostraca
Eridolius romani,1,Insecta
Erigone,10,Arachnida
Erinaceus europaeus,5,Mammalia
Erinaceus europaeus -,11,Mammalia
Eriocrania subpurpurella,1,Insecta
Eriothrix rufomaculata,4,Insecta
Eristalinus sepulchralis,1,Insecta
Eristalis nemorum,1,Insecta
Eristalis tenax,1,Insecta
Erithacus rubecula -,6,Aves
Erythromma najas,1,Insecta
Escharella immersa,1,Gymnolaemata
Estheria cristata,1,Insecta
Eteone,3,Polychaeta
Eublepharis macularius,4,Reptilia
Eucalybites auroguttella,1,Insecta
Euclymene droebachiensis,1,Polychaeta
Euclymene lombricoides,1,Polychaeta
Eudasyphora cyanella,1,Insecta
Eudocimus ruber -,2,Aves
Eudonia truncicolella,2,Insecta
Eudorella truncatula,1,Malacostraca
Eudromias morinellus -,1,Aves
Eudyptes - -,1,Aves
Eudyptes chrysocome -,5,Aves
Eudyptes chrysolophus -,1,Aves
Eudyptes moseleyi -,1,Aves
Eudyptula minor -,1,Aves
Eudyptula minor novaehollandiae,1,Aves
Eugnorisma glareosa,7,Insecta
Eulemur albifrons -,1,Mammalia
Eulemur collaris -,2,Mammalia
Eulemur coronatus -,1,Mammalia
Eulemur flavifrons -,2,Mammalia
Eulemur fulvus -,4,Mammalia
Eulemur fulvus collaris,2,Mammalia
Eulemur fulvus mayottensis,1,Mammalia
Eulemur fulvus sanfordi,1,Mammalia
Eulemur macaco,1,Mammalia
Eulemur macaco -,4,Mammalia
Eulemur rubriventer -,2,Mammalia
Eulemur rufifrons -,1,Mammalia
Eulithis testata,5,Insecta
Eumenes coarctatus coarctatus,2,Insecta
Eumerus sabulonum,1,Insecta
Eunicida,2,Polychaeta
Euphractus sexcinctus,9,Mammalia
Eupithecia centaureata,1,Insecta
Eupithecia intricata arceuthata,1,Insecta
Eupithecia phoeniceata,1,Insecta
Euplectrus bicolor,1,Insecta
Eupolymnia nebulosa,1,Polychaeta
Eupsilia transversa,1,Insecta
Eupteryx aurata,1,Insecta
Eupteryx origani,5,Insecta
Eurygaster testudinaria,2,Insecta
Eurypharynx pelecanoides,2,Actinopterygii
Euscorpius flavicaudis,2,Arachnida
Evacanthus interruptus,2,Insecta
Evermannella indica,1,Actinopterygii
Exapion ulicis,1,Insecta
Exechia festiva,1,Insecta
Exephanes ischioxanthus,1,Insecta
Exochomus quadripustulatus,1,Insecta
Eysarcoris venustissimus,1,Insecta
Falco columbarius -,14,Aves
Falco pelegrinoides pelegrinoides,1,Aves
Falco peregrinus -,9,Aves
Falco punctatus -,1,Aves
Falco tinnunculus -,3,Aves
Felis - -,1,Mammalia
Felis catus,24,Mammalia
Felis catus -,34,Mammalia
Felis chaus -,12,Mammalia
Felis margarita -,5,Mammalia
Felis margarita harrisoni,11,Mammalia
Felis nigripes -,11,Mammalia
Felis silvestris -,189,Mammalia
Felis silvestris cafra,3,Mammalia
Felis silvestris gordoni,7,Mammalia
Felis silvestris grampia,48,Mammalia
Felis silvestris ornata,7,Mammalia
Felis silvetsris -,1,Mammalia
Fenestrulina malusii,1,Gymnolaemata
Ferdinandea cuprea,1,Insecta
Ficedula hypoleuca -,2,Aves
Ficedula� - -,1,Aves
Formica rufa,3,Insecta
Fratercula - -,1,Aves
Fringilla coelebs -,12,Aves
Fringilla montifringilla -,7,Aves
Fukomys anselli -,1,Mammalia
Fukomys molerat -,1,Mammalia
Fulmarus glacialis -,4,Aves
Gabrius splendidulus,1,Insecta
Gadella imberbis,1,Actinopterygii
Galago senegalensis,7,Mammalia
Galago senegalensis -,5,Mammalia
Galagoides demidoff -,1,Mammalia
Galathea squamifera,3,Malacostraca
Galiteuthis armata,1,Cephalopoda
Galiteuthis sp.,2,Cephalopoda
Galiteuthis suhmi,3,Cephalopoda
Gallicolumba - -,1,Aves
Gallicolumba crinigera -,1,Aves
Gallicolumba luzonica -,2,Aves
Gallicolumbia crinigera -,1,Aves
Gallinula - -,2,Aves
Gallinula comeri -,2,Aves
Gallinula galeata -,2,Aves
Galluinula galeata -,1,Aves
Gallulax leucolophus -,1,Aves
Gallus domesticus -,1,Aves
Gallus gallus,43,Aves
Gallus gallus domesticus,9,Aves
Gallus sonnerati -,1,Aves
Gammarus,2,Malacostraca
Gammarus marinus,1,Malacostraca
Garrulus glandarius -,1,Aves
Gattyana cirrhosa,1,Polychaeta
Gavia arctica -,1,Aves
Gavia stellata -,7,Aves
Gazella arabica -,5,Mammalia
Gazella dorcas -,2,Mammalia
Gazella marica -,4,Mammalia
Gazella subgutturosa -,2,Mammalia
Gazella subgutturosa subgutturosa,1,Mammalia
Gekko gecko,3,Reptilia
Gekko japonicus,10,Reptilia
Gelis,2,Insecta
Gelis ilicicola,1,Insecta
Gelis melanocephalus,1,Insecta
Genetta felina granti,3,Mammalia
Geophilus easoni,4,Chilopoda
Geophilus flavus,5,Chilopoda
Geophilus insculptus,3,Chilopoda
Geophilus truncorum,3,Chilopoda
Gerbillus nigeriae,5,Mammalia
Geronticus eremita -,3,Aves
Gibbula umbilicalis,1,Gastropoda
Giraffa camelopardalis -,14,Mammalia
Giraffa camelopardalis reticulata,1,Mammalia
Glaucomys - -,1,Mammalia
Glis glis -,2,Mammalia
Globia sparganii,1,Insecta
Globicephala melas -,5,Mammalia
Glomericirrus macrouri,1,Trematoda
Glomeris marginata,5,Diplopoda
Glossiphonia complanata,2,Clitellata
Glossophaga soricina -,2,Mammalia
Glycera,1,Polychaeta
Glycera alba,6,Polychaeta
Glycera lapidum,1,Polychaeta
Glycera tesselata,2,Polychaeta
Glycera unicornis,1,Polychaeta
Glyphotaelius pellucidus,1,Insecta
Gomphocerippus rufus,3,Insecta
Gonatodes albogularis,1,Reptilia
Goniada maculata,1,Polychaeta
Goniada pallida,1,Polychaeta
Goniurosaurus hainanensis,8,Reptilia
Goniurosaurus lichtenfelderi,2,Reptilia
Goniurosaurus luii,1,Reptilia
Gonostoma elongatum,5,Actinopterygii
Gorilla gorilla,6,Mammalia
Gorilla gorilla gorilla,16,Mammalia
Gorilla gorilla graueri,1,Mammalia
Gortyna flavago,1,Insecta
Gorytes quadrifasciatus,1,Insecta
Gracula religiosa -,2,Aves
Graphiurus ocularis,3,Mammalia
Graphocephala fennahi,1,Insecta
Grus antigone -,8,Aves
Grus carunculatus -,1,Aves
Grus vipio -,3,Aves
Gulo gulo gulo,10,Mammalia
Gymnobelideus leadbeateri -,3,Mammalia
Gymnocheta viridis,1,Insecta
Gymnosoma rotundatum,1,Insecta
Gyps coprotheres -,1,Aves
Gyps fulvus,9,Aves
Gyps fulvus -,1,Aves
Gypsonoma sociana,1,Insecta
Gyrinus substriatus,2,Insecta
Habrophlebia fusca,2,Insecta
Haematopus ostralegus -,13,Aves
Haemorhous mexicanus -,1,Aves
Halcyon - -,2,Aves
Haliaeetus albicilla -,7,Aves
Haliaeetus leucocephalus -,1,Aves
Haliaeetus vocifer -,2,Aves
Haliplus lineatocollis,1,Insecta
Haliplus ruficollis,1,Insecta
Halyomorpha halys,1,Insecta
Halyzia sedecimguttata,1,Insecta
Hapalemur alaotrensis -,4,Mammalia
Haplophryne mollis,2,Actinopterygii
Haplophthalmus danicus,1,Malacostraca
Haplopodoiulus spathifer,5,Diplopoda
Harmonia axyridis,5,Insecta
Harmothoe clavigera,1,Polychaeta
Harmothoe extenuata,1,Polychaeta
Harmothoe imbricata,3,Polychaeta
Harpalus affinis,1,Insecta
Harpalus rufipes,1,Insecta
Harpia harpyja,1,Aves
Harpyopsis novaeguinae -,1,Aves
Haustorius arenarius,4,Malacostraca
Hediste diversicolor,2,Polychaeta
Helarctos malayanus,3,Mammalia
Helarctos malayanus euryspilus,1,Mammalia
Helicella itala,1,Gastropoda
Helicocranchia sp.,1,Cephalopoda
Helictes erythrostoma,1,Insecta
Heliophanus cupreus,1,Arachnida
Heloderma suspectum -,5,Reptilia
Helogale parvula -,3,Mammalia
Helophilus pendulus,1,Insecta
Helophilus trivittatus,2,Insecta
Helotropha leucostigma,4,Insecta
Helotropha leucostigma leucostigma,1,Insecta
Hemidactylus platyurus,2,Reptilia
Hemidactylus turcicus,2,Reptilia
Hemiechinus auritus -,2,Mammalia
Hemitragus - -,1,Mammalia
Hemitragus jemlahicus -,40,Mammalia
Hemitragus jemlahicus jemlahicus,2,Mammalia
Hemiurus,2,Trematoda
Hemiurus communis,3,Trematoda
Henia vesuviana,5,Chilopoda
Herina nigrina,1,Insecta
Hermaeophaga mercurialis,1,Insecta
Herpailurus yagouaroundi -,4,Mammalia
Hesperocorixa sahlbergi,1,Insecta
Heterocephalus glaber,10,Mammalia
Heterocephalus glaber -,1,Mammalia
Heterogamus dispar,2,Insecta
Hierophis viridiflavus,7,Reptilia
Himacerus apterus,1,Insecta
Himantopus himantopus -,4,Aves
Hintonia candens,1,Actinopterygii
Hippodamia variegata,1,Insecta
Hippopotamus amphibius -,1,Mammalia
Hippotragus equinus -,3,Mammalia
Hirundo rustica -,1,Aves
Histioteuthis atlantica,3,Cephalopoda
Histioteuthis cerasina,1,Cephalopoda
Histioteuthis macrochista,3,Cephalopoda
Holochilus brasiliensis,3,Mammalia
Holtbyrnia innesi,1,Actinopterygii
Homolobus infumator,2,Insecta
Hoolock leuconedys,20,Mammalia
Hoplia philanthus,1,Insecta
Hoplismenus bidentatus,1,Insecta
Hyaena hyaena -,1,Mammalia
Hyas araneus,3,Malacostraca
Hydraecia micacea,1,Insecta
Hydraena riparia,1,Insecta
Hydraena rufipes,2,Insecta
Hydrobius fuscipes,1,Insecta
Hydrochoeris hydrochaeris -,5,Mammalia
Hydrochoerus hydrochaeris -,4,Mammalia
Hydrochoerus hydrochaeris chaeris,1,Mammalia
Hydrocoloeus minutus -,1,Aves
Hydroides norvegica,1,Polychaeta
Hydromys chrysogaster -,1,Mammalia
Hydroporus obscurus,1,Insecta
Hydroporus pubescens,1,Insecta
Hydropotes inermis,6,Mammalia
Hydropotes inermis -,9,Mammalia
Hydropsyche angustipennis,2,Insecta
Hydropsyche contubernalis,1,Insecta
Hydrosaurus - -,1,Reptilia
Hygromia cinctella,1,Gastropoda
Hyledelphax elegantula,2,Insecta
Hylobates - -,1,Mammalia
Hylobates agilis -,1,Mammalia
Hylobates klossii -,1,Mammalia
Hylobates lar,5,Mammalia
Hylobates lar -,11,Mammalia
Hylobates lar entelloides,1,Mammalia
Hylobates lar lar,1,Mammalia
Hylobates leucogenys,3,Mammalia
Hylobates moloch -,2,Mammalia
Hylobates muelleri -,3,Mammalia
Hylobates pileatus -,2,Mammalia
Hylobates syndactylus,5,Mammalia
Hymenoptera,1,Insecta
Hypogeomys antimena -,18,Mammalia
Hyposoter dolosus,1,Insecta
Hypsipetes leucocephalus -,3,Aves
Hypsipetes madagascarensis -,2,Aves
Hypsipetes madagascariensis -,1,Aves
Hystrix - -,2,Mammalia
Hystrix africaeaustralis -,7,Mammalia
Hystrix cristata -,1,Mammalia
Hystrix indica -,4,Mammalia
Iania pictifrons,1,Insecta
Iberolacerta monticola,13,Reptilia
Ichneumia albicauda -,1,Mammalia
Icterus oberi -,7,Aves
Ictonyx striatus -,1,Mammalia
Idaea seriata,1,Insecta
Idaea seriata seriata,1,Insecta
Idiacanthus atlanticus,3,Actinopterygii
Iguana iguana,1,Reptilia
Ilyocoris cimicoides,2,Insecta
Inachus phalangium,1,Malacostraca
Incurvaria oehlmanniella,1,Insecta
Iphinoe serrata,3,Malacostraca
Ischnura elegans,2,Insecta
Isomira murina,4,Insecta
Isoodon obesulus -,1,Mammalia
Issus coleoptratus,1,Insecta
Itoplectis maculator,1,Insecta
Julida,1,Diplopoda
Jynx torquilla -,1,Aves
Kageronia fuscogrisea,3,Insecta
Kentropyx calcarata,1,Reptilia
Kerodon rupestris -,3,Mammalia
Kleidocerys resedae resedae,1,Insecta
Kobus leche -,2,Mammalia
Kobus leche kafuensis,8,Mammalia
Kobus megaceros -,5,Mammalia
Kogia breviceps -,1,Mammalia
Kontikia ventrolineata,1,Turbellaria
Labulla thoracica,1,Arachnida
Lacanobia w-latinum,1,Insecta
Lacerta strigata,7,Reptilia
Lagidium - -,1,Mammalia
Lagothrix lagothricha,1,Mammalia
Lagothrix lagotricha -,1,Mammalia
Lagothrix lagotricha cana,1,Mammalia
Lagothrix lagotricha poeppigii,1,Mammalia
Lagria hirta,3,Insecta
Lama pacos,21,Mammalia
Lampadena chavesi,1,Actinopterygii
Lampadena dea,2,Actinopterygii
Lampadena speculigera,1,Actinopterygii
Lampanyctus achirus,2,Actinopterygii
Lampanyctus australis,9,Actinopterygii
Lampanyctus festivus,1,Actinopterygii
Lampanyctus macdonaldi,7,Actinopterygii
Lampanyctus sp.,1,Actinopterygii
Lampanyctus stilbius,1,Actinopterygii
Lamprotornis purpureus -,1,Aves
Lamprotornis superbus -,1,Aves
Lampyris noctiluca,1,Insecta
Lamyctes emarginatus,1,Chilopoda
Lanice conchilega,1,Polychaeta
Lanius excubitor -,2,Aves
Larivora cyane -,1,Aves
Larosterna inca -,1,Aves
Larus Larus -,1,Aves
Larus argentatus -,16,Aves
Larus canus -,1,Aves
Larus fuscus -,11,Aves
Larus glaucoides -,1,Aves
Larus marinus -,5,Aves
Larus ridibundus -,1,Aves
Lasioglossum calceatum,3,Insecta
Lasius brunneus,1,Insecta
Lasius flavus,2,Insecta
Lasius fuliginosus,1,Insecta
Lathronympha strigana,1,Insecta
Lecithaster gibbosus,5,Trematoda
Lecithophyllum botryophorum,4,Trematoda
Leiobunum blackwalli,1,Arachnida
Leipoa ocellata -,1,Aves
Leistus spinibarbis,1,Insecta
Lekanesphaera,2,Malacostraca
Lemniscomys - -,1,Mammalia
Lemur catta -,29,Mammalia
Leontopithecus chrysomelas -,26,Mammalia
Leontopithecus chrysopygus -,1,Mammalia
Leontopithecus rosalia -,14,Mammalia
Leopardus geoffroyi -,23,Mammalia
Leopardus geoffroyii -,1,Mammalia
Leopardus guigna -,1,Mammalia
Leopardus pardalis -,19,Mammalia
Leopardus tigrinus -,1,Mammalia
Leopardus wiedii -,12,Mammalia
Leopardus wiedii yucatanicus,2,Mammalia
Lepidapedon gaevskayae,2,Trematoda
Lepidapedon rachion,3,Trematoda
Lepidapedon sp.,2,Trematoda
Lepidophanes guentheri,1,Actinopterygii
Lepitemur mustelinus -,1,Mammalia
Leporinus elongatus,1,Actinopterygii
Leptailurus serval -,26,Mammalia
Leptarthrus brevirostris,1,Insecta
Lepthyphantes leprosus,3,Arachnida
Leptocerus tineiformis,2,Insecta
Leptogaster cylindrica,1,Insecta
Leptoglossus occidentalis,1,Insecta
Leptopentacta elongata,1,Holothuroidea
Leptophyes punctatissima,2,Insecta
Leptoplana tremellaris,1,Rhabditophora
Leptoptilos crumenifer -,3,Aves
Leptoptilos crumeniferus -,2,Aves
Leptoptilus dubius -,1,Aves
Leptostomias haplocaulus,2,Actinopterygii
Leptostomias sp.,1,Actinopterygii
Leptura aurulenta,1,Insecta
Lepus americanus -,2,Mammalia
Lepus capensis -,1,Mammalia
Lepus europaeus -,2,Mammalia
Lepus timidus -,104,Mammalia
Lestes sponsa,1,Insecta
Leucopsar rothschildi -,10,Aves
Leucoptera laburnella,1,Insecta
Leucopternis albicollis,7,Aves
Leucorrhinia dubia,3,Insecta
Leucozona,1,Insecta
Leuctra fusca,2,Insecta
Leuctra hippopus,2,Insecta
Liguriella podopthalama,3,Cephalopoda
Limacus maculatus,3,Gastropoda
Limax maximus,1,Gastropoda
Limnephilus rhombicus,1,Insecta
Limnius volckmari,2,Insecta
Limonius poneli,1,Insecta
Limosa - -,1,Aves
Limothrips denticornis,1,Insecta
Linaria cannabina -,8,Aves
Liocarcinus depurator,1,Malacostraca
Liocichla omeiensis -,1,Aves
Liocranchia reinhardti,1,Cephalopoda
Liopterus haemorrhoidalis,1,Insecta
Lipoptena cervi,1,Insecta
Lissonota coracina,1,Insecta
Lissonota fundator,1,Insecta
Lissotis melanogaster melanogaster,1,Aves
Lissotriton helveticus,1,Amphibia
Lissotriton vulgaris,1,Amphibia
Lithobius borealis,2,Chilopoda
Lithobius melanops,6,Chilopoda
Lithobius muticus,3,Chilopoda
Lithobius piceus,4,Chilopoda
Lithobius variegatus,6,Chilopoda
Littorina littorea,3,Gastropoda
Lobianchia dofleini,3,Actinopterygii
Lobianchia gemellarii,1,Actinopterygii
Lochmaea caprea,1,Insecta
Lonchoptera lutea,1,Insecta
Longitarsus anchusae,1,Insecta
Longitarsus exsoletus,3,Insecta
Longitarsus flavicornis,1,Insecta
Longitarsus parvulus,3,Insecta
Longitarsus pellucidus,6,Insecta
Longitarsus suturellus,1,Insecta
Lontra canadensis -,6,Mammalia
Lophophorus impeyanus -,1,Mammalia
Lophotis gindiana -,1,Aves
Lophura diardi -,1,Aves
Lophura edwardsi -,1,Aves
Loxia - -,5,Aves
Loxia scotica -,1,Aves
Loxodonta africana,6,Mammalia
Loxodonta africana -,1,Mammalia
Lucilia caesar,1,Insecta
Lumbricus castaneus,1,Clitellata
Lumbricus rubellus,3,Clitellata
Lumbricus terrestris,4,Clitellata
Lumbrineris,4,Polychaeta
Luperina testacea,1,Insecta
Lupulella mesomelas -,2,Mammalia
Lutra lutra -,103,Mammalia
Lutra lutra lutra,2,Mammalia
Lutrogale perspicillata -,1,Mammalia
Lycaon pictus -,27,Mammalia
Lymantria dispar,1,Insecta
Lymnocryptes minimus -,2,Aves
Lynx canadensis -,5,Mammalia
Lynx lynx -,22,Mammalia
Lynx lynx lynx,19,Mammalia
Lynx lynx wrangeli,11,Mammalia
Lynx rufus -,16,Mammalia
Lyonetia clerkella,2,Insecta
Lyrurus tetrix -,2,Aves
Lysibia nanus,1,Insecta
Lysilla loveni,1,Polychaeta
Macaca arctoides -,11,Mammalia
Macaca fuscata -,6,Mammalia
Macaca mulatta,3,Mammalia
Macaca mulatta -,2,Mammalia
Macaca nemestrina,2,Mammalia
Macaca nemestrina -,2,Mammalia
Macaca nigra -,8,Mammalia
Macaca siberu -,3,Mammalia
Macaca silenus -,6,Mammalia
Macaca sylvanus -,5,Mammalia
Macaca thibetana,2,Mammalia
Machimus atricapillus,3,Insecta
Machimus cingulatus,3,Insecta
Machimus rusticus,1,Insecta
Macrocentrus linearis,1,Insecta
Macronectes - -,1,Aves
Macronectes giganteus -,1,Aves
Macronectes halli -,9,Aves
Macroparalepis nigra,1,Actinopterygii
Macropodia deflexa,1,Malacostraca
Macropodia rostrata,1,Malacostraca
Macropus eugenii,8,Mammalia
Macropus fuliginosus fuliginosus,1,Mammalia
Macropus parma -,19,Mammalia
Macropus robustus erubescens,3,Mammalia
Macropus rufus -,18,Mammalia
Macrouroides inflaticeps,2,Actinopterygii
Madoqua kirkii -,4,Mammalia
Maera othonis,1,Malacostraca
Magelona alleni,2,Polychaeta
Magelona mirabilis,1,Polychaeta
Malacosteus niger,6,Actinopterygii
Malthinus seriepunctatus,1,Insecta
Mandrillus sphinx -,8,Mammalia
Mangora acalypha,3,Arachnida
Mareca - -,3,Aves
Marmaronetta angustirostris -,1,Aves
Marmosops incanus,2,Mammalia
Martes foina,4,Mammalia
Martes foina -,5,Mammalia
Martes martes,8,Mammalia
Martes martes -,45,Mammalia
Mastigoteuthis sp.,21,Cephalopoda
Mastomys erythroleucus,5,Mammalia
Maxomys surifer,3,Mammalia
Mazama gouazoubira,4,Mammalia
Mecinus circulatus,1,Insecta
Mecinus pascuorum,2,Insecta
Meconema meridionale,1,Insecta
Megachile ligniseca,2,Insecta
Megachile willughbiella,1,Insecta
Megachile willughbiella kudiensis,1,Insecta
Megalepthyphantes,2,Arachnida
Megaleptyphantes,2,Arachnida
Megalonotus chiragra,1,Insecta
Meganola albula,1,Insecta
Megastylus pectoralis,1,Insecta
Melamphaes longivelis,1,Actinopterygii
Melangyna quadrimaculata,1,Insecta
Melanitta nigra -,18,Aves
Melanolagus bericoides,3,Actinopterygii
Melanonus gracilis,2,Actinopterygii
Melanonus zugmayeri,2,Actinopterygii
Melanostigma kharini,1,Actinopterygii
Melanotus villosus,1,Insecta
Meleagris gallopavo,1,Aves
Meles meles -,31,Mammalia
Melinna palmata,1,Polychaeta
Melinopterus prodromus,4,Insecta
Melita,4,Malacostraca
Melursus ursinus,3,Mammalia
Melursus ursinus inornatus,1,Mammalia
Mephitis mephitis -,2,Mammalia
Mercenaria mercenaria,2,Bivalvia
Mergus merganser -,3,Aves
Mergus serrator -,9,Aves
Meriones persicus -,2,Mammalia
Meriones rex -,2,Mammalia
Meriones unguiculatus -,1,Mammalia
Mesapamea didyma,1,Insecta
Mesochorus laricis,1,Insecta
Mesoligia furuncula,1,Insecta
Mesopsocus fuscifrons,1,Insecta
Meta bourneti,2,Arachnida
Metachirus nudicaudatus,1,Mammalia
Metachirus nudicaudatus -,2,Mammalia
Metalampra italica,1,Insecta
Metatropis rufescens,1,Insecta
Metellina segmentata,2,Arachnida
Meteorus affinis,1,Insecta
Meteorus filator,1,Insecta
Metrioptera roeselii,2,Insecta
Mico argentatus -,11,Mammalia
Mico melanurus -,3,Mammalia
Microcebus murinus -,1,Mammalia
Microcebus murinus smithii,1,Mammalia
Microgale cowani,17,Mammalia
Micronecta scholtzi,1,Insecta
Microtus agrestis,19,Mammalia
Microtus agrestis -,2,Mammalia
Microtus arvalis,7,Mammalia
Microtus levis,4,Mammalia
Milichia ludens,2,Insecta
Milvus migrans -,2,Aves
Milvus milvus -,23,Aves
Mimachlamys varia,1,Bivalvia
Miopithecus ogouensis -,1,Mammalia
Miris striatus,1,Insecta
Mirza zaza -,3,Mammalia
Miscodera arctica,1,Insecta
Mocydia crocea,4,Insecta
Mompha subbistrigella,1,Insecta
Monodelphis domestica,9,Mammalia
Mordellochroa abdominalis,1,Insecta
Motacilla alba -,4,Aves
Motacillia - -,1,Aves
Muellerianella extrusa,1,Insecta
Mungos mungo -,5,Mammalia
Mungotictis decemlineata -,1,Mammalia
Munida rugosa,2,Malacostraca
Muntiacus feae,1,Mammalia
Muntiacus muntjak vaginalis,8,Mammalia
Muntiacus reevesi,18,Mammalia
Muntiacus reevesi -,12,Mammalia
Mus indutus,1,Mammalia
Mus minutoides,5,Mammalia
Mus musculus castaneus,1,Mammalia
Musca autumnalis,1,Insecta
Muscicapa striata -,2,Aves
Musophaga violacea -,3,Aves
Mustela - -,4,Mammalia
Mustela erminea,3,Mammalia
Mustela erminea -,21,Mammalia
Mustela furo -,3,Mammalia
Mustela lutreola -,7,Mammalia
Mustela nivalis -,16,Mammalia
Mustela putorius,1,Mammalia
Mustela putorius -,67,Mammalia
Mustela sibirica -,1,Mammalia
Mustela vison,2,Mammalia
Mycteria leucocephala -,5,Aves
Myennis octopunctata,1,Insecta
Myiopsitta monachus,3,Aves
Mynah - -,1,Aves
Myocastor coypus -,5,Mammalia
Myodes glareolus,4,Mammalia
Myodes glareolus -,1,Mammalia
Myopa tessellatipennis,2,Insecta
Myoprocta - -,1,Mammalia
Myotis myotis,2,Mammalia
Myotis mystacinus,16,Mammalia
Myotis nattereri,4,Mammalia
Myotomys unisulcatus,1,Mammalia
Myriapoda,1,Myriapoda
Myrmarachne formicaria,1,Arachnida
Myrmecophaga tridactyla -,4,Mammalia
Mystacides azurea,1,Insecta
Mythimna l-album,1,Insecta
Mythimna vitellina,1,Insecta
Nabis limbatus,4,Insecta
Naemorhed griseus arnouxianus,8,Mammalia
Nanger dama mhorr,4,Mammalia
Nanger dama ruficollis,5,Mammalia
Nannobrachium atrum,1,Actinopterygii
Nanogona polydesmoides,9,Diplopoda
Nanophyes marmoratus,1,Insecta
Nasalis larvatus -,4,Mammalia
Nasua nasua -,4,Mammalia
Natrix tessellata,2,Reptilia
Necrodes littoralis,2,Insecta
Necromys lasiurus,2,Mammalia
Nedyus quadrimaculatus,1,Insecta
Nematostella vectensis,6,Anthozoa
Nematus tibialis,1,Insecta
Nemertea,5,
Nemichthys curvirostris,7,Actinopterygii
Nemotaulius punctatolineatus,1,Insecta
Nemoura cinerea cinerea,2,Insecta
Nemoura dubitans,2,Insecta
Nemoura lacustris,3,Insecta
Neofelis nebul nebulosa,1,Mammalia
Neofelis nebulosa -,32,Mammalia
Neogale vison,4,Mammalia
Neomys fodiens,1,Mammalia
Neonesthes capensis,1,Actinopterygii
Neophilaenus exclamationis,1,Insecta
Neophilaenus lineatus,3,Insecta
Neoscona adianta,1,Arachnida
Neovison vison,3,Mammalia
Nepa cinerea,1,Insecta
Nephopterix angustella,2,Insecta
Nephrops norvegicus,1,Malacostraca
Nephtys caeca,1,Polychaeta
Nephtys hombergii,3,Polychaeta
Nephtys incisa,4,Polychaeta
Nesoenas mayeri -,89,Aves
Nesticus cellulanus,5,Arachnida
Nestor notabilis -,5,Aves
Netelia dilatata,1,Insecta
Netelia fuscicornis,1,Insecta
Netelia inedita,1,Insecta
Netelia infractor,3,Insecta
Netelia melanura,2,Insecta
Netelia nigricarpus,1,Insecta
Netelia tarsata,2,Insecta
Netelia testacea,2,Insecta
Netelia virgata,3,Insecta
Neuroptera,2,Insecta
Nezara viridula,1,Insecta
Nicrophorus investigator,1,Insecta
Nolella dilatata,1,Gymnolaemata
Nomascus concolor -,1,Mammalia
Nomascus leucogenys,7,Mammalia
Nomascus leucogenys -,4,Mammalia
Nomophila noctuella,1,Insecta
Notamacropus agilis -,2,Mammalia
Notamacropus eugenii -,5,Mammalia
Notechis scutatus,7,Reptilia
Nothobachia ablephara,1,Reptilia
Notiophilus biguttatus,2,Insecta
Notocelia trimaculana,1,Insecta
Notomastus,1,Polychaeta
Notomastus latericeus,3,Polychaeta
Nowickia ferox,2,Insecta
Nuctenea umbratica,2,Arachnida
Numenius - -,1,Aves
Numenius arquata -,4,Aves
Numenius phaeopus -,1,Aves
Nyctalus noctula,3,Mammalia
Nyctereutes procyonoides,2,Mammalia
Nyctereutes procyonoides -,3,Mammalia
Nyctereutes procyonoides procyonoides,9,Mammalia
Nyctereutes procyonoides viverrinus,2,Mammalia
Nyctia halterata,1,Insecta
Nycticebus bengalensis -,1,Mammalia
Nycticebus coucang,4,Mammalia
Nycticebus coucang -,3,Mammalia
Nycticebus pygmaeus -,8,Mammalia
Nycticorax nycticorax -,7,Aves
Nymphon gracile,1,Pycnogonida
Ochina ptinoides,1,Insecta
Octodon degus,3,Mammalia
Octodon degus -,1,Mammalia
Octodon octodon,1,Mammalia
Octolasion cyaneum,1,Clitellata
Octolasion lacteum,1,Clitellata
Octopoda,4,Cephalopoda
Ocyphaps lophotes -,1,Aves
Ocys tachysoides,1,Insecta
Ocythoe tuberculata,1,Cephalopoda
Odiellus spinosus,3,Arachnida
Oecobius navus,4,Arachnida
Oegoconia quadripuncta,2,Insecta
Oenanthe oenanthe -,2,Aves
Okapia johnstoni,10,Mammalia
Okapia johnstoni -,6,Mammalia
Oligia latruncula,2,Insecta
Oligia strigilis,2,Insecta
Oligoryzomys moojeni,4,Mammalia
Ommatoiulus sabulosus apunctulatus,1,Diplopoda
Omosudis lowei,1,Actinopterygii
Oncocera semirubella,1,Insecta
Onychoteuthis prolata,2,Cephalopoda
Opechona bacillaris,2,Trematoda
Ophelia acuminata,1,Polychaeta
Opheltes glaucopterus,1,Insecta
Ophiocomina nigra,1,Ophiuroidea
Ophiodromus flexuosus,1,Polychaeta
Ophion confusus,1,Insecta
Ophion costatus,1,Insecta
Ophion ellenae,1,Insecta
Ophion luteus,1,Insecta
Ophion minutus,1,Insecta
Ophion obscuratus,1,Insecta
Ophiopholis aculeata,1,Ophiuroidea
Ophiura albida,5,Ophiuroidea
Ophiuroidea,1,Ophiuroidea
Ophyiulus pilosus,5,Diplopoda
Opilio saxatilis,2,Arachnida
Opomyza germinationis,1,Insecta
Opsius stactogalus,1,Insecta
Orchestes fagi,1,Insecta
Orchestes rusci,1,Insecta
Orchestia gammarellus,4,Malacostraca
Orcinus orca,1,Mammalia
Oreochromis niloticus,3,Actinopterygii
Oritoniscus flavus,5,Malacostraca
Ornithorhynchus anatinus,84,Mammalia
Ornithorhynchus anatinus -,2,Mammalia
Orthetrum coerulescens,1,Insecta
Orthocentrus castellanus,1,Insecta
Orthosia cerasi,1,Insecta
Orycteropus afer,4,Mammalia
Orycteropus afer -,15,Mammalia
Oryctolagus cuniculus,15,Mammalia
Oryx - -,2,Mammalia
Oryx dammah -,1,Mammalia
Oryx gazella -,2,Mammalia
Oryx leucoryx -,15,Mammalia
Oryzias latipes,5,Actinopterygii
Osmerus eperlanus,3,Actinopterygii
Osmia bicolor,1,Insecta
Ostralegus haematopus -,1,Aves
Otaria byronia -,1,Mammalia
Otiorhynchus armadillo,1,Insecta
Otiorhynchus atroapterus,1,Insecta
Otiorhynchus raucus,1,Insecta
Otiorhynchus rugosostriatus,1,Insecta
Otiorhynchus sulcatus,1,Insecta
Otis tarda -,1,Aves
Otocolobus manul -,21,Mammalia
Otocyon megalotis -,6,Mammalia
Otodistomum cestoides,3,Cestoda
Otodistomum cestoides,3,Gastropoda
Otolemur - -,1,Mammalia
Oulema obscura,1,Insecta
Ovibos Moschatus -,10,Mammalia
Ovibos moschatus -,1,Mammalia
Ovis aries -,4,Mammalia
Ovis vignei bochariensis,9,Mammalia
Oxychilus alliarius,1,Gastropoda
Oxystoma pomonae,1,Insecta
Oxytelus laqueatus,1,Insecta
Pachygnatha degeeri,2,Arachnida
Pachyrhinus lethierryi,1,Insecta
Pachystomias microdon,1,Actinopterygii
Paederus littoralis,1,Insecta
Pagurus pubescens,2,Malacostraca
Paidiscura pallens,3,Arachnida
Palaemon macrodactylus,1,Malacostraca
Palloptera scutellata,2,Insecta
Pan paniscus -,4,Mammalia
Pan troglodytes,2,Mammalia
Pan troglodytes -,17,Mammalia
Pan troglodytes verus,2,Mammalia
Pandion haliaeetus -,8,Aves
Pandion haliaetus -,1,Aves
Panorpa germanica,1,Insecta
Panthera leo -,6,Mammalia
Panthera leo leo,1,Mammalia
Panthera leo persica,30,Mammalia
Panthera onca -,18,Mammalia
Panthera pardus -,3,Mammalia
Panthera pardus kotiya,6,Mammalia
Panthera pardus nimr,1,Mammalia
Panthera pardus orientalis,22,Mammalia
Panthera pardus saxicolor,10,Mammalia
Panthera tigris -,11,Mammalia
Panthera tigris altaica,53,Mammalia
Panthera tigris sondaica,5,Mammalia
Panthera tigris sumatrae,12,Mammalia
Panthera tigris tigris,6,Mammalia
Panthera uncia -,50,Mammalia
Pantherophis guttatus,11,Reptilia
Pantisarthrus luridus,1,Insecta
Panurgus banksianus,1,Insecta
Papio cynocephalus,1,Mammalia
Papio cynocephalus -,1,Mammalia
Papio hamadryas -,18,Mammalia
Papio papio -,1,Mammalia
Parabuteo unicinctus -,7,Aves
Parachronistis albiceps,1,Insecta
Paradisaea rubra -,5,Aves
Paradromius linearis,2,Insecta
Paraechinus aethiopicus -,2,Mammalia
Paraechinus aethipicus -,1,Mammalia
Paraperithous gnathaulax,1,Insecta
Parasteatoda lunata,5,Arachnida
Pardosa,3,Arachnida
Pardosa pullata,2,Arachnida
Pardosa saltans,1,Arachnida
Parethelcus pollinarius,1,Insecta
Pariambus typicus,3,Malacostraca
Paroedura picta,21,Reptilia
Parus major -,4,Aves
Passer domesticus -,3,Aves
Pastor roseus -,1,Aves
Patellogastropoda,2,Gastropoda
Pavo cristatus -,2,Aves
Pecari tajacu -,6,Mammalia
Pecten maximus,2,Bivalvia
Pectinaria koreni cirrata,1,Polychaeta
Pelecanoides - -,1,Aves
Pelecanus - -,1,Aves
Pelecanus crispus -,1,Aves
Pelecanus rufescens -,1,Aves
Penelopides panini -,5,Aves
Penestragania apicalis,1,Insecta
Pentatoma rufipes,1,Insecta
Peracreadium idoneum,1,Trematoda
Perameles gunnii,5,Mammalia
Perilissus stigmaticus,1,Insecta
Perinereis cultrifera,2,Polychaeta
Perioculodes longimanus,1,Malacostraca
Periphyllus acericola,1,Insecta
Pernis apivorus -,2,Aves
Perodicticus potto -,7,Mammalia
Peromyscus maniculatus,4,Mammalia
Petaurista alborufus -,9,Mammalia
Petaurus breviceps -,4,Mammalia
Petrobius brevistylis,1,Insecta
Petrogale penicillata -,7,Mammalia
Petrogale penicillata penicillata,2,Mammalia
Petrogale xanthopus,3,Mammalia
Phacochoerus africanus -,5,Mammalia
Phalacrocorax - -,3,Aves
Phalacrocorax aristotelis -,1,Aves
Phalacrocorax bougainvilliorum -,1,Aves
Phalacrocorax carbo -,1,Aves
Phalacrus,1,Insecta
Phalangium opilio,1,Arachnida
Phalaropus lobatus -,1,Aves
Phallusia mammillata,3,Ascidiacea
Phanerotoma dentata,1,Insecta
Phaonia rufiventris,1,Insecta
Phascolarctos cinereus -,2,Mammalia
Phasia obesa,2,Insecta
Phataginus tricuspis -,1,Mammalia
Pheonicopterus ruber ruber,1,Aves
Phigalia pilosaria,1,Insecta
Philaenus spumarius,2,Insecta
Philine aperta,1,Gastropoda
Philodromus aureolus,1,Arachnida
Philodromus buxi,1,Arachnida
Philodromus cespitum,1,Arachnida
Philonicus albiceps,2,Insecta
Philonthus cognatus,1,Insecta
Philopedon plagiatum,1,Insecta
Phloeomys cumingi -,2,Mammalia
Phloeomys pallidus -,1,Mammalia
Phobetes atomator,1,Insecta
Phoca vitulina -,13,Mammalia
Phocoena phocoena -,1,Mammalia
Phoeniconaias minor -,1,Aves
Phoenicoparrus andinus -,1,Aves
Phoenicopterus - -,3,Aves
Phoenicopterus chilensis -,7,Aves
Phoenicopterus ruber ruber,1,Aves
Pholoe baltica,2,Polychaeta
Phoncoena phocoena -,14,Mammalia
Phosichthys argenteus,1,Actinopterygii
Photis longicaudata,1,Malacostraca
Phradis interstitialis,20,Insecta
Phratora laticollis,1,Insecta
Phthinia mira,1,Insecta
Phthiria pulicaria,1,Insecta
Phylidorea ferruginea,3,Insecta
Phyllodoce groenlandica,2,Polychaeta
Phyllodoce mucosa,3,Polychaeta
Phyllodocida,2,Polychaeta
Phyllopertha horticola,1,Insecta
Phylloscopus trochilus -,2,Aves
Phyllotreta exclamationis,1,Insecta
Phyllotreta vittula,1,Insecta
Physatocheila dumetorum,1,Insecta
Physella gyrina,1,Gastropoda
Physignathus - -,1,Reptilia
Phyto melanocephala,1,Insecta
Piliocolobus preussi -,5,Mammalia
Pilumnus hirtellus,2,Malacostraca
Pipistrellus - -,1,Mammalia
Pipistrellus pipistrellus,145,Mammalia
Pipistrellus pygmaeus,2,Mammalia
Pisaura mirabilis,3,Arachnida
Pisidia longicornis,1,Malacostraca
Pithecia pithecia -,7,Mammalia
Pitta sordida -,1,Aves
Platalea - -,2,Aves
Platalea alba -,5,Aves
Platalea leucorodia -,6,Aves
Plateumaris discolor,1,Insecta
Platichthys flesus,1,Actinopterygii
Platyarthrus hoffmannseggi,3,Malacostraca
Platycheirus albimanus,1,Insecta
Platycnemis pennipes,5,Insecta
Platymischus dilatatus,8,Insecta
Platynereis dumerilii,2,Polychaeta
Platypus cylindrus,1,Insecta
Plecotus auritus,51,Mammalia
Plectiscidea aquilonia,1,Insecta
Plectiscus impurator,3,Insecta
Plectiscus ridibundus,2,Insecta
Plectrophenax nivalis -,1,Aves
Plegadis falcinellus -,2,Aves
Plodia interpunctella,1,Insecta
Pluvialis - -,1,Aves
Pluvialis apricaria -,1,Aves
Pluvialis squatarola -,1,Aves
Podalonia hirsuta,2,Insecta
Podargus strigoides -,8,Aves
Podiceps auritus -,1,Aves
Podiceps grisegena -,1,Aves
Podocnemis unifilis,2,Reptilia
Poephila guttata -,2,Aves
Pogona - -,2,Reptilia
Pogona vitticeps,9,Reptilia
Polietes domitor,1,Insecta
Pollenia amentaria,1,Insecta
Pollenia angustigena,1,Insecta
Polycentropus irroratus,1,Insecta
Polychaeta,21,Polychaeta
Polycirrus caliendrum,1,Polychaeta
Polydesmus angustus,5,Diplopoda
Polydesmus coriaceus,3,Diplopoda
Polydrusus cervinus,1,Insecta
Polydrusus formosus,1,Insecta
Polymixis lichenea,2,Insecta
Polyplacophora,1,Polyplacophora
Polyplectron - -,2,Aves
Polyplectron malacense -,1,Aves
Polyplectron napoleonis -,2,Aves
Polysphincta tuberosa,1,Insecta
Polytelis anthopeplus -,1,Aves
Polytribax perspicillator,1,Insecta
Pomatias elegans,5,Gastropoda
Ponera coarctata,4,Insecta
Pongo - -,1,Mammalia
Pongo abelii -,2,Mammalia
Pongo p. pygmaeus,1,Mammalia
Pongo pygmaeus,5,Mammalia
Pongo pygmaeus -,1,Mammalia
Pongo pygmaeus abelii,12,Mammalia
Pongo pygmaeus pygmaeus,1,Mammalia
Porcellana platycheles,2,Malacostraca
Porcellio scaber,3,Malacostraca
Porcellio spinicornis,2,Malacostraca
Porifera,5,
Poromitra crassiceps,3,Actinopterygii
Porphyrio gallinule -,2,Aves
Potamochoerus porcus -,2,Mammalia
Potamochoerus porcus pictus,3,Mammalia
Potamopyrgus antipodarum,2,Gastropoda
Potorous tridactylus,2,Mammalia
Potorous tridactylus -,13,Mammalia
Potos flavus -,1,Mammalia
Praxillella gracilis,1,Polychaeta
Presbytis comata -,6,Mammalia
Presbytis melalophos fluviatilis,1,Mammalia
Presbytis melalophos melalophos,8,Mammalia
Presbytis melalophos mitrata,2,Mammalia
Presbytis melalophos nobilis,3,Mammalia
Presbytis melalophos siamensis,1,Mammalia
Pria dulcamarae,1,Insecta
Prionailurus bengalensis -,12,Mammalia
Prionailurus bengalensis euptilurus,5,Mammalia
Prionailurus planiceps -,1,Mammalia
Prionailurus rubiginosus phillipsi,13,Mammalia
Prionailurus viverrinus -,37,Mammalia
Procavia - -,1,Mammalia
Procavia capensis,2,Mammalia
Procavia capensis -,5,Mammalia
Procloeon pennulatum,1,Insecta
Procyon lotor -,1,Mammalia
Proechimys goeldii,1,Reptilia
Prolemur simus -,1,Mammalia
Promethes sulcator splendidus,1,Insecta
Propithecus coronatus -,4,Mammalia
Propithecus verreauxi coronatus,2,Mammalia
Propylea quattuordecimpunctata,2,Insecta
Prosena siberita,2,Insecta
Prosorhynchoides borealis,3,Trematoda
Proteles cristata -,5,Mammalia
Proteroiulus fuscus,1,Diplopoda
Protonemura montana,6,Insecta
Prunella modularis -,1,Aves
Przewalskium albirostre -,2,Mammalia
Przewalskium albirostris -,20,Mammalia
Psacadina,1,Insecta
Psallus haematodes,1,Insecta
Pseudastur albicollis,5,Aves
Pseudeuophrys lanigera,1,Arachnida
Pseudocheirus - -,1,Mammalia
Pseudois nayaur -,8,Mammalia
Pseudoprotella phasma,2,Malacostraca
Pseudoscopelus australis,1,Actinopterygii
Pseudozoogonoides subaequiporus,1,Trematoda
Psilothrix viridicoerulea,1,Insecta
Psylliodes chrysocephala,2,Insecta
Psyllobora vigintiduopunctata,1,Insecta
Pteroida,2,Bivalvia
Pteromys volans -,2,Mammalia
Pteronura brasiliensis -,13,Mammalia
Pteropus livingstonei -,1,Mammalia
Pteropus livingstonii -,1,Mammalia
Pteropus rodricensis -,22,Mammalia
Pterorhinus - -,1,Aves
Pterorhinus galbanus -,1,Aves
Pterostichus madidus,3,Insecta
Pterostichus niger,1,Insecta
Pterygioteuthis,1,Cephalopoda
Pterygioteuthis giardi,1,Cephalopoda
Ptinus dubius,1,Insecta
Ptychoptera albimana,13,Insecta
Ptychoptera contaminata,1,Insecta
Pudu puda -,29,Mammalia
Puffinus puffinus -,4,Aves
Pulsatrix perspicillata,1,Aves
Pulsatrix perspicillata -,1,Aves
Pulvinaria,1,Insecta
Puma concolor -,8,Mammalia
Pusa sibirica -,1,Mammalia
Pycnogonum littorale,4,Pycnogonida
Pycnomerus fuliginosus,2,Insecta
Pygathrix nemaeus nemaeus,6,Mammalia
Pygoscelis papua -,5,Aves
Pygoscelis papua papua,6,Aves
Pygostolus sticticus,1,Insecta
Pyralis farinalis,1,Insecta
Pyrausta aurata,1,Insecta
Pyrausta despicata,1,Insecta
Pyrausta purpuralis,1,Insecta
Pyroteuthis addolux,4,Cephalopoda
Pyrrhocorax pyrrhocorax,1,Aves
Pyrrhocorx pyrrhocorax -,4,Aves
Pyrrhula pyrrhula -,3,Aves
Python molurus bivittatus,1,Reptilia
Radiicephalus elongatus,1,Actinopterygii
Rallus aquaticus -,2,Aves
Ramphastos toco -,1,Aves
Rangifer tarandus,1,Mammalia
Rangifer tarandus -,3,Mammalia
Rangifer tarandus fennicus,14,Mammalia
Rangifer tarandus platyrhynchus,2,Mammalia
Rattus norvegicus,35,Mammalia
Rattus norvegicus -,2,Mammalia
Rattus rattus,2,Mammalia
Rattus rattus flavipectus,9,Mammalia
Recurvirostra avosetta -,2,Aves
Rhabdomiris striatellus,1,Insecta
Rhadinoceraea micans,1,Insecta
Rhagio scolopacea,1,Insecta
Rhagonycha fulva,1,Insecta
Rhagonycha lutea,1,Insecta
Rhamphus oxyacanthae,1,Insecta
Rhaphigaster nebulosa,1,Insecta
Rhea pennatus -,1,Aves
Rhimphoctona megacephalus,3,Insecta
Rhingia rostrata,1,Insecta
Rhinoceros unicornis -,1,Mammalia
Rhinolophus ferrumequinum,2,Mammalia
Rhinolophus hipposideros,14,Mammalia
Rhinoncus pericarpius,1,Insecta
Rhinophora lepida,1,Insecta
Rhipidocotyle minima,2,Trematoda
Rhithrogena germanica,3,Insecta
Rhithrogena semicolorata,1,Insecta
Rhizophagus dispar,1,Insecta
Rhizotrogus aestivus,1,Insecta
Rhopalapion longirostre,1,Insecta
Rhopalopyx adumbrata,1,Insecta
Rhopalus subrufus,2,Insecta
Rhorus exstirpatorius,2,Insecta
Rhyparochromus alboacuminatus,1,Insecta
Rhyparochromus vulgaris,1,Insecta
Rhyssa persuasoria,1,Insecta
Rhytistylus proceps,5,Insecta
Rhyzobius chrysomeloides,1,Insecta
Rhyzobius forestieri,1,Insecta
Rhyzobius litura,1,Insecta
Rilaena triangularis,1,Arachnida
Rissa - -,12,Aves
Rissa sp. -,15,Aves
Rissa tridactyla -,4,Aves
Rivellia syngenesiae,1,Insecta
Rivula sericealis,1,Insecta
Romerolagus diazi -,2,Mammalia
Rousettus aegyptiacus -,2,Mammalia
Rucervus eldii thamin,2,Mammalia
Rupicapra rupicapra -,1,Mammalia
Rusa alfredi -,4,Mammalia
Sabella spallanzanii,3,Polychaeta
Sabellida,3,Polychaeta
Saccoglossus horsti,2,Enteropneusta
Saccostomus campestris -,1,Mammalia
Sagartia elegans,3,Anthozoa
Saguinus b. bicolor,2,Mammalia
Saguinus bicolor -,6,Mammalia
Saguinus bicolor bicolor,23,Mammalia
Saguinus fuscicollis -,2,Mammalia
Saguinus fuscicollis illigeri,3,Mammalia
Saguinus imperator subgrisescens,29,Mammalia
Saguinus labiatus -,8,Mammalia
Saguinus labiatus labiatus,5,Mammalia
Saguinus midas -,8,Mammalia
Saguinus midas illigeri,1,Mammalia
Saguinus midas midas,8,Mammalia
Saguinus oedipus -,61,Mammalia
Saguinus weddelli -,9,Mammalia
Saguinus weddellii -,6,Mammalia
Saimiri - -,1,Mammalia
Saimiri boliviensis -,10,Mammalia
Saimiri sciureus,2,Mammalia
Saimiri sciureus -,6,Mammalia
Saimiri sciureus sciureus,2,Mammalia
Salticus scenicus,1,Arachnida
Sanzinia madagascariensis -,2,Reptilia
Sarcophilus harrisii,8,Mammalia
Satchellius mammalis,1,Clitellata
Saxicola torquatus -,1,Aves
Scaeva pyrastri,1,Insecta
Scalibregma inflatum,3,Polychaeta
Scambus nigricans,1,Insecta
Scathophaga furcata,1,Insecta
Scelio,1,Insecta
Sceloporus malachiticus,3,Reptilia
Schendyla nemorensis,3,Chilopoda
Schizomavella linearis,1,Gymnolaemata
Schizotus pectinicornis,1,Insecta
Sciara hemerobioides,1,Insecta
Scincus scincus,7,Reptilia
Scissirostrum dubium -,1,Aves
Sciurus carolinensis,12,Mammalia
Sciurus carolinensis -,7,Mammalia
Sciurus variegatoides dorsalis,1,Mammalia
Sciurus vulgaris,32,Mammalia
Sciurus vulgaris -,111,Mammalia
Scolelepis squamata,3,Polychaeta
Scoletoma fragilis,1,Polychaeta
Scolopax gallinago -,2,Aves
Scolopostethus,1,Insecta
Scolopostethus decoratus,1,Insecta
Scopelarchus guentheri,2,Actinopterygii
Scopelogadus beanii,1,Actinopterygii
Scopelogadus sp.,1,Actinopterygii
Scotophilus dinganii,3,Mammalia
Scrobipalpa costella,1,Insecta
Scruparia ambigua,1,Gymnolaemata
Scrupocellaria scruposa,1,Gymnolaemata
Scymnus interruptus,2,Insecta
Scymnus suturalis,1,Insecta
Scytodes thoracica,1,Arachnida
Segestria florentina,3,Arachnida
Segestria senoculata,2,Arachnida
Selenoteuthis sp.,1,Cephalopoda
Semidalis pseudouncinata,1,Insecta
Semnopithecus priam -,3,Mammalia
Semnopithecus priam thersites,1,Mammalia
Sepedon sphegea,1,Insecta
Sepedon spinipes,1,Insecta
Sericomyia silentis,1,Insecta
Sericostoma personatum,1,Insecta
Serpula vermicularis,1,Polychaeta
Serrivomer beanii,6,Actinopterygii
Serrivomer sp.,1,Actinopterygii
Setonix brachyurus -,1,Mammalia
Siagonium quadricorne,2,Insecta
Sicus ferrugineus,4,Insecta
Sigara dorsalis,2,Insecta
Sigara scotti,1,Insecta
Sigmodon hispidus,11,Mammalia
Silpha laevigata,2,Insecta
Silvanus unidentatus,1,Insecta
Simulium equinum,2,Insecta
Simulium reptans,1,Insecta
Sinarachna nigricornis,1,Insecta
Sio nordenskjoeldii,1,Actinopterygii
Siphonoperla torrentium,2,Insecta
Sitona lepidus,1,Insecta
Sitona lineatus,6,Insecta
Sitta europaea -,2,Aves
Sminthopsis crassicaudata,10,Mammalia
Sminthopsis macroura,6,Mammalia
Snyderidia canina,6,Actinopterygii
Solea solea,1,Actinopterygii
Solva marginata,1,Insecta
Somateria fischeri -,2,Aves
Somateria mollissima -,8,Aves
Sorex araneus,10,Mammalia
Sorex araneus -,1,Mammalia
Sorex coronatus,1,Mammalia
Sorex granarius,4,Mammalia
Sorex minutus -,1,Mammalia
Speothus venaticus -,14,Mammalia
Sphaerodorum gracilis,1,Polychaeta
Sphaerophoria scripta,4,Insecta
Sphecodes monilicornis,1,Insecta
Sphecodes reticulatus,1,Insecta
Spheniscus demersus -,9,Aves
Spheniscus humboldti -,7,Aves
Spilocuscus maculatus -,1,Mammalia
Spilopelia senegalensis -,1,Aves
Spiophanes kroyeri,1,Polychaeta
Spizaetus tyrannus,11,Aves
Spreo superbus -,1,Aves
Squamapion atomarium,2,Insecta
Stauroteuthis gilchristi,8,Cephalopoda
Steatoda bipunctata,2,Arachnida
Steatoda triangulosa,1,Arachnida
Stemonyphantes lineatus,1,Arachnida
Stenichneumon culpator,2,Insecta
Stenobothrus lineatus,1,Insecta
Stenocranus minutus,5,Insecta
Stenodema calcarata,1,Insecta
Stenotaenia linearis,2,Chilopoda
Stenus impressus,1,Insecta
Stephanostomum baccatum,1,Trematoda
Stercorarius maccormicki -,1,Aves
Stercorarius parasiticus -,1,Aves
Stercorarius pomarinus -,1,Aves
Steringophorus thulini,1,Trematoda
Sterna hirundo -,10,Aves
Sterna paradisaea -,12,Aves
Sternaspis,1,Polychaeta
Sternoptyx diaphana,3,Actinopterygii
Stethorus punctillum,1,Insecta
Stictonetta naevosa -,1,Aves
Stigmatoteuthis arcturi,4,Cephalopoda
Stilbops ruficornis,2,Insecta
Stoloteuthis leucoptera,1,Cephalopoda
Stomias boa,3,Actinopterygii
Stomorhina lunata,1,Insecta
Streptopelia decaoctoa -,2,Aves
Strigamia acuminata,1,Chilopoda
Strigocuscus gymnotis -,1,Mammalia
Strix aluco -,89,Aves
Strix nebulosa -,2,Aves
Strophosoma melanogrammum,1,Insecta
Sturmia bella,1,Insecta
Sturnus vulgaris -,3,Aves
Stylommatophora,1,Gastropoda
Subcoccinella vigintiquatuorpunctata,3,Insecta
Suillia variegata,2,Insecta
Suncus murinus,8,Mammalia
Suncus murinus -,2,Mammalia
Suricata suricatta -,5,Mammalia
Surnia ulula -,1,Aves
Sus cebifrons negrinus,9,Mammalia
Sus scrofa,11,Mammalia
Sus verrucosus -,2,Mammalia
Sussaba cognata,2,Insecta
Sussaba pulchella,1,Insecta
Sylvia atricapilla -,3,Aves
Sylvia borin -,1,Aves
Sylvicola cinctus,1,Insecta
Sympetrum striolatum,2,Insecta
Symphalangus syndactylus -,11,Mammalia
Synanthedon andrenaeformis,1,Insecta
Synanthedon myopaeformis,1,Insecta
Synapion ebeninum,1,Insecta
Syncerus nanus -,1,Mammalia
Syntomus foveatus,1,Insecta
Syritta pipiens,2,Insecta
Syrphus ribesii,1,Insecta
Tabanus autumnalis leucophilus,1,Insecta
Tachina fera,3,Insecta
Tachina grossa,2,Insecta
Tachybaptus ruficollis -,2,Aves
Tachyerges salicis,1,Insecta
Tachyglossus aculeatus,43,Mammalia
Tachyglossus aculeatus -,5,Mammalia
Tachypodoiulus niger,3,Diplopoda
Tachyporus hypnorum,1,Insecta
Tachystola acroxantha,1,Insecta
Tadorna tadorna -,1,Aves
Tadorna tadornoides -,2,Aves
Taeniapion urticarium,1,Insecta
Taeniopygia guttata,1,Aves
Talitrus saltator,5,Malacostraca
Talpa altaica,3,Mammalia
Talpa europaea -,2,Mammalia
Talpa europea -,3,Mammalia
Tamandua tetradactyla,3,Mammalia
Tamandua tetradactyla -,7,Mammalia
Tamias sibiricus,4,Mammalia
Tandonia budapestensis,3,Gastropoda
Tapirus terrestris -,3,Mammalia
Tarentola annularis,6,Reptilia
Tauraco erythrolophus -,1,Aves
Tellina tenuis,3,Bivalvia
Temnothorax nylanderi,1,Insecta
Teratoscincus keyserlingii,2,Reptilia
Teratoscincus scincus,1,Reptilia
Terebellides stroemi,1,Polychaeta
Terrapene carolina,2,Reptilia
Tersilochus obscurator,2,Insecta
Tetanocera hyalipennis,2,Insecta
Tetragnatha extensa,1,Arachnida
Tetragnatha montana,1,Arachnida
Tetrao urogallus -,26,Aves
Tetraodon nigroviridis,1,Actinopterygii
Tetrax tetrax -,2,Aves
Tetrix subulata,1,Insecta
Teuthida,2,Cephalopoda
Thalasseus sandvicensis -,8,Aves
Thalassiornis leuconotus -,4,Aves
Thalassornis leuconotus -,2,Aves
Thecophora atra,2,Insecta
Thera firmata,3,Insecta
Thera juniperata,1,Insecta
Thera obeliscata,4,Insecta
Thereva bipunctata,2,Insecta
Theristicus melanopis -,5,Aves
Theromyzon tessulatum,1,Clitellata
Therophilus tumidulus,1,Insecta
Theropithecus gelada -,6,Mammalia
Threskiornis aethiopicus -,38,Aves
Threskiornis sp. -,1,Aves
Thryogenes nereis,1,Insecta
Tibellus oblongus,2,Arachnida
Tiphia femorata,6,Insecta
Tipula confusa,1,Insecta
Tipula lateralis,1,Insecta
Tipula luna,1,Insecta
Tipula maxima balcanica,2,Insecta
Tipula oleracea,2,Insecta
Tipula paludosa,2,Insecta
Trachemys scripta elegans,2,Reptilia
Trachyphloeus alternans,1,Insecta
Trachyphloeus scabriculus,1,Insecta
Trachypithecus - -,1,Mammalia
Trachypithecus auratus -,19,Mammalia
Trachypithecus cristatus -,9,Mammalia
Trachypithecus francoisi -,18,Mammalia
Trachypithecus francoisi francoisi,5,Mammalia
Trachypithecus obscurus -,14,Mammalia
Trachypithecus phayrei -,2,Mammalia
Trachypithecus vetulus -,4,Mammalia
Trachypithecus vetulus nestor,1,Mammalia
Trachypithecus vetulus vetulus,4,Mammalia
Tragelaphus angasii -,11,Mammalia
Tragelaphus angasii gratus,1,Mammalia
Tragelaphus eurycerus isaaci,4,Mammalia
Tragelaphus imberbis -,7,Mammalia
Tragelaphus spekii gratus,3,Mammalia
Tragopan - -,1,Aves
Tragopan satyra -,1,Aves
Tragopan temminckii -,1,Aves
Tragulus javanicus,5,Mammalia
Tragulus nigricans -,1,Mammalia
Tremarctos ornatus,6,Mammalia
Tremarctos ornatus -,9,Mammalia
Trichechus manatus,3,Mammalia
Trichoglossus haematodus haematodus,2,Aves
Trichoglossus moluccanus -,2,Aves
Trichosirocalus troglodytes,1,Insecta
Trichosurus vulpecula,15,Mammalia
Trichosurus vulpecula -,1,Mammalia
Tricyphona immaculata,3,Insecta
Tringa totanus -,18,Aves
Triodia sylvina,1,Insecta
Tritia reticulata,1,Gastropoda
Trivia arctica,1,Gastropoda
Trivia monacha,1,Gastropoda
Trochalopteron milnei -,7,Aves
Trochulus hispidus,1,Gastropoda
Trochulus striolatus,1,Gastropoda
Troglodytes troglodydes -,4,Aves
Troglodytes troglodytes,2,Aves
Troglodytes troglodytes -,2,Aves
Trypetoptera punctulata,1,Insecta
Tubularia,1,Hydrozoa
Tubularia indivisa,1,Hydrozoa
Tupaia belangeri,1,Mammalia
Tupaia minor -,2,Mammalia
Tuponia hippophaes,1,Insecta
Turdus - -,1,Aves
Turdus iliacus -,4,Aves
Turdus merula -,14,Aves
Turdus philomelos -,6,Aves
Turdus pilaris -,1,Aves
Turritella communis,1,Gastropoda
Tursiops aduncus,1,Mammalia
Tursiops truncatus,4,Mammalia
Tvetenia discoloripes,1,Insecta
Tycherus bellicornis,1,Insecta
Tyto alba -,55,Aves
Tytthaspis sedecimpunctata,2,Insecta
Udea ferrugalis,1,Insecta
Uleiota planatus,2,Insecta
Uloborus plumipes,8,Arachnida
Umbonula littoralis,1,Gymnolaemata
Uria - -,3,Aves
Uria aalge -,3,Aves
Uria lomvia -,2,Aves
Urocyon cinereoargenteus,1,Mammalia
Urothoe elegans,2,Malacostraca
Ursus americanus -,1,Mammalia
Ursus arctos,3,Mammalia
Ursus arctos -,1,Mammalia
Ursus maritimus,2,Mammalia
Ursus maritimus -,7,Mammalia
Ursus thibetanus -,3,Mammalia
Vampyroteuthis infernalis,2,Cephalopoda
Vanellus vanellus -,3,Aves
Varanus exanthematicus -,2,Reptilia
Varanus komodoensis,33,Reptilia
Varanus komodoensis -,2,Reptilia
Varecia - -,1,Mammalia
Varecia rubra -,6,Mammalia
Varecia rubra rubra,3,Mammalia
Varecia rubra rufus,1,Mammalia
Varecia varecia rubra,1,Aves
Varecia variegata -,2,Mammalia
Varecia variegata variegata,4,Mammalia
Venerupis corrugata,9,Bivalvia
Verruca stroemia,1,Thecostraca
Vespa crabro,1,Insecta
Vespula germanica,4,Insecta
Vespula vulgaris,2,Insecta
Vicugna vicugna -,21,Mammalia
Vieillot's mynah -,1,Aves
Villa cingulata,1,Insecta
Villa modesta,1,Insecta
Vitreledonella richardi,12,Cephalopoda
Volucella bombylans,1,Insecta
Volucella inanis,2,Insecta
Volucella zonaria,1,Insecta
Vombatus ursinus,1,Mammalia
Vormela peregusna -,4,Mammalia
Vulpes cana -,8,Mammalia
Vulpes corsac -,6,Mammalia
Vulpes lagopus -,12,Mammalia
Vulpes macrotis -,2,Mammalia
Vulpes rueppelli -,1,Mammalia
Vulpes velox -,1,Mammalia
Vulpes vulpes,8,Mammalia
Vulpes vulpes -,24,Mammalia
Vulpes vulpes arabica,3,Mammalia
Wallabia bicolor -,14,Mammalia
Walvisteuthis virilis,1,Cephalopoda
Westwoodilla,2,Malacostraca
Xanthandrus comtus,1,Insecta
Xanthia icteritia,2,Insecta
Xanthia togata,2,Insecta
Xerus rutilus,1,Mammalia
Xestia agathina,5,Insecta
Xestia ashworthii,1,Insecta
Xestia baja,1,Insecta
Xestia c-nigrum,1,Insecta
Xestia sexstrigata,1,Insecta
Xyleborus monographus,1,Insecta
Xylocampa areola,1,Insecta
Xylocoris cursitans,1,Insecta
Xysticus cristatus,2,Arachnida
Yponomeuta plumbella,1,Insecta
Yponomeuta sedella,1,Insecta
Ypsolopha parenthesella,4,Insecta
Zaglossus bartoni -,1,Mammalia
Zalophus californianus -,6,Mammalia
Zelotes latreillei,1,Arachnida
Zenaida auriculata,5,Aves
Zenaida graysoni -,3,Aves
Zilla diodia,1,Arachnida
Ziphius cavirostris -,1,Mammalia
Zoogonidae,2,Trematoda
Zoogonoides,2,Trematoda
Zophomyia temula,1,Insecta
Zoropsis spinimana,2,Arachnida
Zygaena filipendulae anglicola,1,Insecta
Zygiella x-notata,2,Arachnida
Zyginidia scutellaris,4,Insecta
antiopella cristata,2,Gastropoda
�Tragulus javanicus -,4,Mammalia
